height,block_counts
0,3
1,2
2,0
3,3
4,1
5,3
6,5
7,6
8,2
9,2
10,1
11,4
12,4
13,2
14,2
15,4
16,4
17,1
18,2
19,3
20,5
21,4
22,3
23,4
24,3
25,3
26,2
27,3
28,7
29,2
30,4
31,3
32,2
33,1
34,3
35,2
36,4
37,6
38,3
39,3
40,1
41,0
42,2
43,1
44,1
45,4
46,3
47,5
48,3
49,2
50,4
51,3
52,3
53,4
54,3
55,2
56,2
57,3
58,1
59,2
60,4
61,0
62,2
63,5
64,2
65,5
66,0
67,2
68,3
69,1
70,2
71,0
72,1
73,1
74,3
75,4
76,1
77,3
78,6
79,3
80,4
81,2
82,0
83,7
84,6
85,5
86,3
87,3
88,2
89,4
90,1
91,2
92,4
93,3
94,3
95,1
96,1
97,1
98,2
99,2
100,1
101,3
102,1
103,2
104,2
105,1
106,2
107,2
108,4
109,1
110,5
111,1
112,2
113,0
114,4
115,4
116,2
117,2
118,3
119,2
120,2
121,4
122,2
123,4
124,3
125,1
126,3
127,5
128,4
129,2
130,2
131,2
132,2
133,1
134,3
135,2
136,2
137,3
138,5
139,1
140,4
141,2
142,4
143,2
144,3
145,2
146,2
147,1
148,2
149,6
150,1
151,3
152,2
153,2
154,1
155,2
156,2
157,1
158,2
159,4
160,4
161,5
162,2
163,2
164,2
165,1
166,2
167,2
168,1
169,2
170,3
171,8
172,4
173,1
174,1
175,4
176,2
177,4
178,3
179,1
180,3
181,2
182,3
183,4
184,4
185,3
186,3
187,3
188,1
189,2
190,1
191,2
192,3
193,4
194,2
195,3
196,2
197,5
198,2
199,3
200,2
201,4
202,5
203,1
204,2
205,3
206,2
207,2
208,3
209,3
210,3
211,0
212,3
213,2
214,3
215,3
216,3
217,2
218,2
219,1
220,2
221,1
222,0
223,2
224,3
225,6
226,1
227,1
228,4
229,3
230,3
231,4
232,2
233,3
234,3
235,1
236,0
237,4
238,3
239,7
240,2
241,2
242,3
243,2
244,5
245,2
246,2
247,4
248,2
249,4
250,0
251,5
252,6
253,2
254,2
255,3
256,4
257,2
258,2
259,1
260,1
261,3
262,1
263,6
264,3
265,3
266,2
267,3
268,3
269,1
270,1
271,2
272,2
273,0
274,7
275,5
276,3
277,1
278,2
279,0
280,1
281,2
282,5
283,1
284,4
285,3
286,3
287,1
288,1
289,3
290,3
291,0
292,1
293,3
294,4
295,1
296,3
297,3
298,3
299,5
300,3
301,1
302,5
303,3
304,2
305,2
306,4
307,3
308,3
309,3
310,1
311,9
312,3
313,4
314,2
315,1
316,0
317,6
318,2
319,0
320,3
321,2
322,4
323,2
324,2
325,3
326,5
327,4
328,4
329,4
330,2
331,4
332,1
333,0
334,2
335,0
336,2
337,5
338,4
339,4
340,1
341,3
342,1
343,0
344,2
345,2
346,2
347,4
348,1
349,4
350,1
351,2
352,4
353,7
354,3
355,0
356,3
357,3
358,1
359,3
360,2
361,8
362,2
363,4
364,3
365,5
366,1
367,4
368,5
369,1
370,5
371,2
372,5
373,6
374,2
375,0
376,4
377,3
378,1
379,2
380,3
381,5
382,2
383,0
384,3
385,4
386,4
387,7
388,3
389,3
390,4
391,3
392,3
393,4
394,3
395,2
396,3
397,4
398,4
399,1
400,3
401,4
402,6
403,2
404,3
405,5
406,3
407,1
408,1
409,4
410,0
411,2
412,2
413,1
414,0
415,3
416,4
417,7
418,4
419,2
420,1
421,4
422,2
423,4
424,3
425,1
426,0
427,4
428,2
429,2
430,2
431,2
432,0
433,5
434,3
435,4
436,2
437,1
438,2
439,8
440,2
441,2
442,4
443,5
444,1
445,3
446,1
447,2
448,4
449,4
450,1
451,4
452,3
453,3
454,3
455,2
456,3
457,1
458,3
459,1
460,2
461,2
462,2
463,2
464,2
465,1
466,1
467,0
468,3
469,1
470,2
471,3
472,4
473,2
474,6
475,2
476,0
477,1
478,2
479,2
480,3
481,2
482,3
483,3
484,4
485,1
486,4
487,5
488,2
489,3
490,2
491,6
492,0
493,2
494,3
495,1
496,2
497,4
498,2
499,0
500,2
501,1
502,1
503,5
504,2
505,0
506,4
507,3
508,1
509,1
510,1
511,2
512,3
513,2
514,0
515,1
516,3
517,1
518,1
519,5
520,0
521,2
522,1
523,1
524,4
525,1
526,2
527,3
528,7
529,0
530,1
531,3
532,0
533,2
534,1
535,1
536,4
537,1
538,3
539,3
540,1
541,1
542,4
543,2
544,2
545,1
546,3
547,1
548,1
549,5
550,3
551,3
552,3
553,1
554,4
555,0
556,4
557,1
558,5
559,3
560,3
561,2
562,3
563,0
564,3
565,2
566,0
567,1
568,4
569,4
570,1
571,0
572,1
573,2
574,2
575,0
576,1
577,3
578,3
579,2
580,4
581,4
582,4
583,3
584,2
585,4
586,0
587,2
588,2
589,2
590,2
591,3
592,1
593,4
594,4
595,5
596,2
597,3
598,6
599,3
600,3
601,3
602,2
603,1
604,4
605,0
606,2
607,3
608,3
609,1
610,0
611,1
612,2
613,3
614,1
615,1
616,1
617,1
618,0
619,5
620,1
621,0
622,3
623,1
624,4
625,3
626,2
627,1
628,4
629,3
630,1
631,0
632,2
633,3
634,0
635,4
636,6
637,2
638,1
639,3
640,1
641,2
642,4
643,1
644,4
645,5
646,1
647,2
648,3
649,3
650,2
651,4
652,2
653,4
654,2
655,2
656,0
657,2
658,5
659,3
660,2
661,2
662,3
663,0
664,3
665,3
666,1
667,2
668,4
669,3
670,1
671,3
672,1
673,4
674,2
675,5
676,1
677,0
678,0
679,1
680,4
681,0
682,1
683,1
684,2
685,4
686,1
687,4
688,3
689,3
690,3
691,2
692,4
693,1
694,5
695,3
696,4
697,0
698,3
699,2
700,3
701,2
702,1
703,4
704,3
705,6
706,3
707,6
708,0
709,4
710,2
711,0
712,6
713,4
714,4
715,4
716,4
717,2
718,1
719,1
720,4
721,2
722,4
723,2
724,5
725,1
726,5
727,3
728,1
729,8
730,2
731,2
732,4
733,1
734,2
735,3
736,1
737,1
738,1
739,2
740,1
741,2
742,3
743,1
744,3
745,3
746,0
747,1
748,1
749,4
750,3
751,6
752,2
753,4
754,3
755,1
756,2
757,2
758,4
759,0
760,4
761,4
762,0
763,2
764,1
765,4
766,5
767,0
768,3
769,0
770,2
771,6
772,4
773,4
774,0
775,5
776,5
777,2
778,3
779,3
780,2
781,1
782,4
783,2
784,2
785,3
786,2
787,4
788,2
789,2
790,3
791,2
792,0
793,3
794,0
795,1
796,2
797,1
798,2
799,0
800,2
801,3
802,2
803,2
804,1
805,1
806,1
807,4
808,2
809,4
810,0
811,1
812,5
813,5
814,2
815,2
816,2
817,1
818,1
819,3
820,3
821,0
822,3
823,5
824,4
825,0
826,3
827,1
828,0
829,0
830,2
831,2
832,1
833,2
834,3
835,2
836,6
837,4
838,3
839,4
840,3
841,6
842,2
843,2
844,4
845,1
846,2
847,3
848,1
849,4
850,3
851,2
852,2
853,5
854,1
855,0
856,5
857,0
858,2
859,2
860,3
861,3
862,3
863,4
864,2
865,2
866,4
867,5
868,2
869,1
870,3
871,3
872,2
873,0
874,2
875,2
876,1
877,1
878,0
879,2
880,1
881,7
882,2
883,2
884,3
885,2
886,7
887,1
888,3
889,2
890,5
891,0
892,2
893,1
894,3
895,1
896,4
897,2
898,2
899,1
900,2
901,4
902,1
903,1
904,0
905,6
906,2
907,4
908,1
909,1
910,2
911,2
912,1
913,7
914,3
915,2
916,3
917,3
918,4
919,0
920,4
921,5
922,3
923,2
924,2
925,3
926,0
927,2
928,2
929,2
930,5
931,1
932,3
933,1
934,1
935,3
936,5
937,3
938,1
939,3
940,3
941,4
942,0
943,2
944,2
945,2
946,1
947,3
948,5
949,0
950,3
951,3
952,0
953,3
954,4
955,2
956,1
957,6
958,3
959,1
960,1
961,1
962,1
963,3
964,2
965,3
966,0
967,4
968,2
969,2
970,4
971,1
972,3
973,2
974,3
975,5
976,1
977,4
978,3
979,3
980,3
981,4
982,2
983,3
984,1
985,2
986,2
987,3
988,4
989,4
990,1
991,2
992,4
993,1
994,1
995,4
996,6
997,1
998,2
999,3
1000,2
1001,2
1002,1
1003,2
1004,3
1005,3
1006,2
1007,1
1008,2
1009,2
1010,3
1011,2
1012,5
1013,4
1014,3
1015,1
1016,3
1017,0
1018,3
1019,3
1020,3
1021,2
1022,2
1023,6
1024,1
1025,2
1026,3
1027,3
1028,1
1029,2
1030,2
1031,0
1032,4
1033,1
1034,5
1035,2
1036,4
1037,5
1038,2
1039,1
1040,2
1041,5
1042,1
1043,0
1044,4
1045,3
1046,2
1047,1
1048,2
1049,4
1050,3
1051,0
1052,2
1053,4
1054,2
1055,3
1056,3
1057,3
1058,0
1059,2
1060,2
1061,3
1062,1
1063,4
1064,2
1065,2
1066,2
1067,0
1068,3
1069,1
1070,1
1071,3
1072,1
1073,3
1074,4
1075,0
1076,0
1077,1
1078,7
1079,2
1080,1
1081,3
1082,0
1083,2
1084,3
1085,2
1086,4
1087,5
1088,0
1089,3
1090,3
1091,1
1092,0
1093,2
1094,3
1095,1
1096,3
1097,4
1098,2
1099,1
1100,4
1101,2
1102,3
1103,3
1104,2
1105,0
1106,3
1107,3
1108,3
1109,5
1110,4
1111,1
1112,3
1113,1
1114,2
1115,0
1116,2
1117,3
1118,2
1119,2
1120,5
1121,5
1122,1
1123,5
1124,6
1125,2
1126,3
1127,3
1128,2
1129,5
1130,3
1131,1
1132,3
1133,6
1134,2
1135,5
1136,5
1137,6
1138,0
1139,1
1140,4
1141,3
1142,2
1143,1
1144,3
1145,2
1146,1
1147,3
1148,4
1149,2
1150,3
1151,4
1152,3
1153,1
1154,4
1155,4
1156,2
1157,3
1158,2
1159,4
1160,1
1161,3
1162,6
1163,3
1164,1
1165,3
1166,2
1167,3
1168,2
1169,5
1170,4
1171,2
1172,1
1173,2
1174,0
1175,4
1176,2
1177,7
1178,5
1179,0
1180,0
1181,0
1182,1
1183,4
1184,4
1185,3
1186,2
1187,0
1188,3
1189,4
1190,1
1191,0
1192,3
1193,0
1194,1
1195,0
1196,3
1197,0
1198,1
1199,3
1200,2
1201,1
1202,2
1203,0
1204,3
1205,3
1206,2
1207,3
1208,3
1209,3
1210,5
1211,0
1212,1
1213,4
1214,1
1215,2
1216,2
1217,0
1218,3
1219,3
1220,0
1221,1
1222,3
1223,2
1224,2
1225,1
1226,3
1227,2
1228,0
1229,2
1230,4
1231,2
1232,3
1233,2
1234,3
1235,0
1236,3
1237,2
1238,3
1239,1
1240,0
1241,2
1242,3
1243,4
1244,2
1245,3
1246,0
1247,5
1248,0
1249,2
1250,3
1251,1
1252,1
1253,1
1254,1
1255,0
1256,2
1257,4
1258,2
1259,3
1260,3
1261,2
1262,5
1263,2
1264,1
1265,2
1266,1
1267,1
1268,2
1269,1
1270,1
1271,1
1272,0
1273,2
1274,1
1275,3
1276,1
1277,3
1278,0
1279,2
1280,5
1281,1
1282,1
1283,0
1284,3
1285,3
1286,3
1287,2
1288,3
1289,3
1290,1
1291,3
1292,2
1293,4
1294,3
1295,1
1296,2
1297,1
1298,2
1299,4
1300,7
1301,0
1302,2
1303,2
1304,0
1305,4
1306,2
1307,4
1308,2
1309,2
1310,5
1311,1
1312,1
1313,6
1314,1
1315,3
1316,1
1317,3
1318,3
1319,2
1320,1
1321,2
1322,3
1323,5
1324,2
1325,5
1326,3
1327,2
1328,2
1329,2
1330,3
1331,1
1332,4
1333,5
1334,3
1335,0
1336,5
1337,5
1338,1
1339,1
1340,2
1341,7
1342,4
1343,0
1344,1
1345,0
1346,3
1347,3
1348,3
1349,3
1350,3
1351,5
1352,3
1353,0
1354,4
1355,2
1356,4
1357,4
1358,2
1359,3
1360,5
1361,2
1362,1
1363,0
1364,4
1365,3
1366,1
1367,0
1368,4
1369,2
1370,5
1371,3
1372,2
1373,3
1374,6
1375,3
1376,4
1377,1
1378,1
1379,2
1380,1
1381,6
1382,2
1383,2
1384,4
1385,1
1386,1
1387,0
1388,3
1389,2
1390,3
1391,3
1392,3
1393,2
1394,3
1395,4
1396,1
1397,1
1398,3
1399,1
1400,2
1401,2
1402,3
1403,1
1404,1
1405,2
1406,0
1407,2
1408,5
1409,1
1410,1
1411,4
1412,3
1413,3
1414,5
1415,2
1416,5
1417,3
1418,1
1419,1
1420,1
1421,2
1422,4
1423,1
1424,2
1425,4
1426,5
1427,1
1428,3
1429,5
1430,1
1431,6
1432,1
1433,2
1434,0
1435,2
1436,1
1437,3
1438,3
1439,3
1440,1
1441,4
1442,4
1443,1
1444,2
1445,3
1446,0
1447,4
1448,1
1449,4
1450,1
1451,4
1452,2
1453,5
1454,2
1455,2
1456,2
1457,2
1458,4
1459,4
1460,3
1461,2
1462,3
1463,3
1464,4
1465,4
1466,2
1467,0
1468,3
1469,1
1470,2
1471,2
1472,2
1473,5
1474,3
1475,1
1476,2
1477,5
1478,3
1479,2
1480,5
1481,1
1482,1
1483,1
1484,4
1485,4
1486,1
1487,1
1488,2
1489,3
1490,2
1491,2
1492,2
1493,3
1494,1
1495,3
1496,2
1497,4
1498,2
1499,2
1500,0
1501,1
1502,1
1503,1
1504,1
1505,1
1506,2
1507,2
1508,4
1509,1
1510,1
1511,5
1512,3
1513,1
1514,1
1515,1
1516,3
1517,0
1518,2
1519,1
1520,4
1521,3
1522,1
1523,2
1524,3
1525,2
1526,2
1527,1
1528,2
1529,3
1530,1
1531,5
1532,2
1533,0
1534,3
1535,4
1536,1
1537,2
1538,1
1539,1
1540,1
1541,3
1542,2
1543,0
1544,1
1545,2
1546,6
1547,1
1548,4
1549,1
1550,1
1551,3
1552,4
1553,2
1554,1
1555,1
1556,4
1557,2
1558,0
1559,3
1560,3
1561,2
1562,1
1563,5
1564,4
1565,0
1566,1
1567,3
1568,4
1569,1
1570,0
1571,7
1572,2
1573,2
1574,5
1575,1
1576,4
1577,1
1578,3
1579,3
1580,3
1581,3
1582,4
1583,2
1584,5
1585,1
1586,0
1587,3
1588,2
1589,1
1590,2
1591,3
1592,1
1593,5
1594,2
1595,3
1596,2
1597,2
1598,3
1599,4
1600,3
1601,0
1602,2
1603,3
1604,0
1605,4
1606,1
1607,2
1608,2
1609,4
1610,3
1611,2
1612,3
1613,4
1614,2
1615,5
1616,2
1617,3
1618,4
1619,3
1620,3
1621,1
1622,3
1623,2
1624,3
1625,2
1626,5
1627,2
1628,1
1629,1
1630,1
1631,2
1632,3
1633,2
1634,2
1635,1
1636,3
1637,5
1638,1
1639,2
1640,3
1641,3
1642,2
1643,4
1644,1
1645,3
1646,2
1647,1
1648,0
1649,0
1650,2
1651,2
1652,3
1653,6
1654,2
1655,1
1656,3
1657,3
1658,2
1659,4
1660,2
1661,3
1662,2
1663,2
1664,4
1665,3
1666,6
1667,1
1668,3
1669,2
1670,2
1671,5
1672,2
1673,3
1674,3
1675,0
1676,0
1677,1
1678,6
1679,4
1680,3
1681,2
1682,5
1683,3
1684,3
1685,6
1686,4
1687,5
1688,1
1689,5
1690,1
1691,2
1692,4
1693,2
1694,1
1695,5
1696,4
1697,4
1698,7
1699,4
1700,2
1701,3
1702,1
1703,4
1704,3
1705,1
1706,4
1707,4
1708,1
1709,1
1710,3
1711,1
1712,2
1713,2
1714,1
1715,1
1716,2
1717,4
1718,4
1719,2
1720,4
1721,1
1722,3
1723,2
1724,1
1725,3
1726,4
1727,2
1728,4
1729,3
1730,1
1731,3
1732,2
1733,1
1734,1
1735,2
1736,1
1737,2
1738,2
1739,2
1740,1
1741,1
1742,2
1743,0
1744,2
1745,4
1746,6
1747,2
1748,5
1749,2
1750,0
1751,5
1752,3
1753,3
1754,5
1755,4
1756,3
1757,7
1758,5
1759,1
1760,3
1761,5
1762,0
1763,4
1764,2
1765,1
1766,3
1767,3
1768,3
1769,2
1770,0
1771,5
1772,4
1773,2
1774,3
1775,2
1776,1
1777,2
1778,4
1779,3
1780,5
1781,4
1782,0
1783,0
1784,1
1785,2
1786,0
1787,2
1788,4
1789,1
1790,2
1791,1
1792,2
1793,1
1794,6
1795,5
1796,1
1797,3
1798,4
1799,3
1800,3
1801,1
1802,1
1803,2
1804,1
1805,2
1806,3
1807,4
1808,2
1809,4
1810,3
1811,2
1812,5
1813,1
1814,2
1815,4
1816,0
1817,1
1818,3
1819,3
1820,3
1821,2
1822,1
1823,2
1824,3
1825,2
1826,0
1827,4
1828,3
1829,0
1830,2
1831,2
1832,4
1833,3
1834,1
1835,5
1836,2
1837,2
1838,0
1839,0
1840,4
1841,5
1842,2
1843,2
1844,1
1845,2
1846,4
1847,4
1848,7
1849,6
1850,2
1851,2
1852,1
1853,2
1854,3
1855,3
1856,3
1857,6
1858,3
1859,7
1860,5
1861,2
1862,1
1863,2
1864,6
1865,3
1866,9
1867,4
1868,3
1869,1
1870,0
1871,1
1872,1
1873,2
1874,3
1875,4
1876,3
1877,3
1878,0
1879,1
1880,5
1881,1
1882,2
1883,3
1884,3
1885,1
1886,3
1887,1
1888,4
1889,1
1890,0
1891,0
1892,1
1893,3
1894,2
1895,5
1896,3
1897,2
1898,3
1899,0
1900,2
1901,2
1902,0
1903,6
1904,2
1905,4
1906,0
1907,3
1908,1
1909,1
1910,2
1911,1
1912,3
1913,1
1914,1
1915,4
1916,4
1917,1
1918,6
1919,5
1920,2
1921,1
1922,3
1923,2
1924,0
1925,2
1926,5
1927,1
1928,2
1929,4
1930,1
1931,4
1932,2
1933,2
1934,3
1935,1
1936,2
1937,5
1938,4
1939,2
1940,0
1941,1
1942,6
1943,1
1944,4
1945,3
1946,3
1947,3
1948,1
1949,0
1950,0
1951,0
1952,3
1953,3
1954,3
1955,0
1956,2
1957,4
1958,3
1959,1
1960,1
1961,2
1962,2
1963,2
1964,2
1965,2
1966,4
1967,1
1968,3
1969,6
1970,4
1971,2
1972,2
1973,3
1974,2
1975,1
1976,3
1977,3
1978,2
1979,4
1980,2
1981,1
1982,1
1983,2
1984,3
1985,1
1986,2
1987,3
1988,2
1989,4
1990,1
1991,2
1992,1
1993,2
1994,0
1995,0
1996,3
1997,2
1998,2
1999,1
2000,4
2001,2
2002,1
2003,1
2004,3
2005,4
2006,2
2007,2
2008,2
2009,1
2010,5
2011,5
2012,2
2013,1
2014,6
2015,6
2016,3
2017,3
2018,5
2019,2
2020,3
2021,4
2022,1
2023,3
2024,2
2025,3
2026,3
2027,3
2028,4
2029,2
2030,1
2031,4
2032,4
2033,3
2034,2
2035,3
2036,2
2037,0
2038,8
2039,0
2040,0
2041,1
2042,0
2043,2
2044,2
2045,5
2046,5
2047,2
2048,0
2049,4
2050,2
2051,4
2052,2
2053,3
2054,2
2055,4
2056,2
2057,6
2058,3
2059,3
2060,2
2061,4
2062,2
2063,2
2064,3
2065,1
2066,5
2067,0
2068,1
2069,1
2070,1
2071,1
2072,5
2073,1
2074,2
2075,0
2076,1
2077,2
2078,2
2079,2
2080,1
2081,2
2082,1
2083,6
2084,1
2085,0
2086,2
2087,2
2088,6
2089,3
2090,3
2091,1
2092,2
2093,1
2094,4
2095,5
2096,2
2097,2
2098,2
2099,2
2100,3
2101,3
2102,4
2103,2
2104,5
2105,2
2106,4
2107,0
2108,2
2109,2
2110,0
2111,0
2112,2
2113,5
2114,2
2115,2
2116,4
2117,5
2118,3
2119,3
2120,2
2121,2
2122,3
2123,2
2124,1
2125,4
2126,0
2127,0
2128,3
2129,1
2130,3
2131,3
2132,3
2133,2
2134,2
2135,3
2136,3
2137,1
2138,4
2139,1
2140,5
2141,1
2142,3
2143,2
2144,2
2145,3
2146,3
2147,3
2148,6
2149,7
2150,4
2151,3
2152,2
2153,1
2154,3
2155,3
2156,0
2157,5
2158,4
2159,2
2160,1
2161,3
2162,1
2163,2
2164,3
2165,1
2166,2
2167,0
2168,0
2169,5
2170,1
2171,3
2172,2
2173,1
2174,3
2175,2
2176,2
2177,3
2178,4
2179,5
2180,1
2181,1
2182,4
2183,2
2184,2
2185,2
2186,3
2187,2
2188,3
2189,2
2190,2
2191,4
2192,1
2193,1
2194,2
2195,4
2196,2
2197,2
2198,0
2199,0
2200,3
2201,4
2202,2
2203,4
2204,1
2205,4
2206,5
2207,2
2208,2
2209,2
2210,2
2211,7
2212,3
2213,1
2214,2
2215,5
2216,2
2217,3
2218,3
2219,0
2220,4
2221,3
2222,4
2223,2
2224,4
2225,4
2226,4
2227,3
2228,1
2229,3
2230,2
2231,2
2232,1
2233,0
2234,0
2235,1
2236,2
2237,1
2238,4
2239,2
2240,4
2241,3
2242,0
2243,2
2244,2
2245,1
2246,4
2247,1
2248,3
2249,3
2250,4
2251,1
2252,2
2253,5
2254,4
2255,1
2256,2
2257,1
2258,4
2259,5
2260,3
2261,2
2262,4
2263,3
2264,2
2265,3
2266,1
2267,1
2268,2
2269,3
2270,1
2271,3
2272,2
2273,4
2274,4
2275,5
2276,10
2277,4
2278,3
2279,2
2280,1
2281,1
2282,4
2283,2
2284,1
2285,2
2286,3
2287,6
2288,3
2289,3
2290,0
2291,3
2292,0
2293,1
2294,1
2295,2
2296,3
2297,0
2298,2
2299,2
2300,4
2301,2
2302,1
2303,1
2304,3
2305,4
2306,4
2307,1
2308,2
2309,5
2310,4
2311,1
2312,4
2313,4
2314,0
2315,1
2316,3
2317,0
2318,1
2319,4
2320,3
2321,2
2322,3
2323,1
2324,3
2325,4
2326,1
2327,2
2328,1
2329,3
2330,4
2331,0
2332,1
2333,2
2334,3
2335,3
2336,3
2337,4
2338,3
2339,3
2340,1
2341,2
2342,2
2343,3
2344,1
2345,4
2346,3
2347,5
2348,3
2349,1
2350,2
2351,2
2352,4
2353,1
2354,0
2355,3
2356,1
2357,1
2358,2
2359,5
2360,5
2361,3
2362,3
2363,3
2364,3
2365,3
2366,0
2367,0
2368,2
2369,2
2370,0
2371,2
2372,2
2373,6
2374,1
2375,3
2376,3
2377,6
2378,4
2379,4
2380,1
2381,0
2382,2
2383,3
2384,2
2385,2
2386,1
2387,0
2388,3
2389,4
2390,1
2391,6
2392,1
2393,3
2394,3
2395,1
2396,6
2397,5
2398,3
2399,6
2400,3
2401,3
2402,2
2403,3
2404,0
2405,1
2406,1
2407,3
2408,3
2409,2
2410,3
2411,2
2412,1
2413,3
2414,2
2415,4
2416,5
2417,0
2418,2
2419,5
2420,1
2421,0
2422,3
2423,4
2424,1
2425,1
2426,1
2427,5
2428,1
2429,3
2430,1
2431,1
2432,1
2433,1
2434,2
2435,5
2436,2
2437,1
2438,4
2439,2
2440,0
2441,1
2442,3
2443,2
2444,4
2445,3
2446,1
2447,3
2448,1
2449,4
2450,1
2451,1
2452,1
2453,3
2454,2
2455,4
2456,3
2457,3
2458,3
2459,0
2460,1
2461,3
2462,1
2463,6
2464,5
2465,6
2466,6
2467,0
2468,3
2469,5
2470,1
2471,2
2472,0
2473,1
2474,2
2475,3
2476,4
2477,2
2478,0
2479,1
2480,2
2481,0
2482,1
2483,0
2484,2
2485,1
2486,4
2487,4
2488,1
2489,0
2490,3
2491,2
2492,1
2493,0
2494,2
2495,3
2496,5
2497,0
2498,2
2499,0
2500,4
2501,1
2502,3
2503,3
2504,6
2505,3
2506,4
2507,3
2508,2
2509,2
2510,4
2511,1
2512,2
2513,1
2514,2
2515,2
2516,2
2517,1
2518,3
2519,6
2520,3
2521,6
2522,0
2523,3
2524,2
2525,3
2526,1
2527,2
2528,3
2529,2
2530,0
2531,1
2532,2
2533,1
2534,0
2535,3
2536,2
2537,4
2538,5
2539,1
2540,3
2541,0
2542,1
2543,4
2544,3
2545,3
2546,2
2547,3
2548,2
2549,4
2550,2
2551,0
2552,2
2553,1
2554,2
2555,2
2556,1
2557,2
2558,1
2559,3
2560,2
2561,0
2562,1
2563,5
2564,3
2565,1
2566,1
2567,5
2568,3
2569,0
2570,2
2571,4
2572,4
2573,2
2574,2
2575,3
2576,5
2577,2
2578,3
2579,3
2580,1
2581,2
2582,3
2583,1
2584,2
2585,1
2586,2
2587,2
2588,3
2589,2
2590,3
2591,3
2592,2
2593,2
2594,1
2595,1
2596,4
2597,0
2598,1
2599,0
2600,3
2601,4
2602,3
2603,0
2604,4
2605,3
2606,3
2607,3
2608,1
2609,6
2610,4
2611,4
2612,5
2613,2
2614,1
2615,2
2616,1
2617,3
2618,1
2619,6
2620,2
2621,2
2622,3
2623,1
2624,3
2625,3
2626,1
2627,1
2628,5
2629,2
2630,3
2631,2
2632,3
2633,2
2634,4
2635,4
2636,2
2637,4
2638,1
2639,1
2640,2
2641,4
2642,1
2643,3
2644,2
2645,4
2646,1
2647,3
2648,2
2649,3
2650,2
2651,3
2652,3
2653,3
2654,3
2655,1
2656,5
2657,2
2658,5
2659,3
2660,4
2661,2
2662,5
2663,2
2664,3
2665,4
2666,2
2667,2
2668,4
2669,2
2670,2
2671,0
2672,2
2673,3
2674,5
2675,1
2676,3
2677,2
2678,4
2679,3
2680,1
2681,1
2682,1
2683,3
2684,2
2685,3
2686,1
2687,4
2688,3
2689,5
2690,2
2691,2
2692,4
2693,2
2694,1
2695,4
2696,2
2697,2
2698,4
2699,2
2700,2
2701,2
2702,1
2703,2
2704,2
2705,2
2706,5
2707,0
2708,4
2709,1
2710,2
2711,4
2712,0
2713,2
2714,6
2715,1
2716,1
2717,4
2718,2
2719,5
2720,2
2721,4
2722,0
2723,1
2724,1
2725,5
2726,5
2727,2
2728,3
2729,1
2730,3
2731,3
2732,0
2733,3
2734,2
2735,4
2736,2
2737,0
2738,2
2739,1
2740,5
2741,1
2742,6
2743,4
2744,2
2745,1
2746,1
2747,1
2748,3
2749,2
2750,2
2751,2
2752,6
2753,3
2754,2
2755,2
2756,2
2757,2
2758,6
2759,5
2760,4
2761,3
2762,5
2763,2
2764,3
2765,2
2766,3
2767,1
2768,1
2769,3
2770,5
2771,3
2772,1
2773,4
2774,2
2775,1
2776,1
2777,2
2778,0
2779,2
2780,3
2781,2
2782,3
2783,5
2784,4
2785,1
2786,3
2787,4
2788,6
2789,0
2790,1
2791,0
2792,1
2793,3
2794,0
2795,4
2796,0
2797,2
2798,1
2799,3
2800,2
2801,4
2802,4
2803,1
2804,2
2805,3
2806,0
2807,2
2808,5
2809,7
2810,2
2811,4
2812,0
2813,1
2814,2
2815,2
2816,3
2817,3
2818,3
2819,3
2820,3
2821,2
2822,2
2823,2
2824,1
2825,5
2826,2
2827,4
2828,2
2829,4
2830,1
2831,3
2832,3
2833,4
2834,1
2835,7
2836,4
2837,0
2838,4
2839,2
2840,2
2841,7
2842,1
2843,3
2844,2
2845,2
2846,3
2847,4
2848,1
2849,2
2850,2
2851,2
2852,4
2853,1
2854,2
2855,2
2856,4
2857,4
2858,2
2859,2
2860,2
2861,2
2862,4
2863,1
2864,3
2865,2
2866,0
2867,4
2868,4
2869,4
2870,2
2871,6
2872,2
2873,3
2874,5
2875,2
2876,1
2877,6
2878,2
2879,4
2880,4
2881,5
2882,4
2883,0
2884,4
2885,1
2886,3
2887,7
2888,3
2889,2
2890,2
2891,2
2892,0
2893,1
2894,2
2895,2
2896,4
2897,2
2898,2
2899,5
2900,1
2901,1
2902,5
2903,1
2904,1
2905,0
2906,3
2907,2
2908,0
2909,0
2910,3
2911,4
2912,4
2913,5
2914,6
2915,4
2916,1
2917,3
2918,3
2919,2
2920,5
2921,0
2922,5
2923,7
2924,1
2925,3
2926,3
2927,1
2928,2
2929,1
2930,4
2931,0
2932,2
2933,2
2934,2
2935,3
2936,0
2937,2
2938,2
2939,4
2940,3
2941,2
2942,3
2943,4
2944,1
2945,7
2946,2
2947,1
2948,2
2949,1
2950,7
2951,4
2952,3
2953,3
2954,2
2955,0
2956,0
2957,1
2958,2
2959,2
2960,0
2961,4
2962,1
2963,1
2964,3
2965,4
2966,1
2967,2
2968,4
2969,3
2970,5
2971,6
2972,3
2973,1
2974,1
2975,2
2976,3
2977,4
2978,1
2979,2
2980,1
2981,2
2982,4
2983,1
2984,2
2985,1
2986,3
2987,1
2988,1
2989,4
2990,1
2991,1
2992,3
2993,1
2994,5
2995,4
2996,3
2997,3
2998,1
2999,4
3000,4
3001,5
3002,3
3003,1
3004,3
3005,3
3006,0
3007,0
3008,1
3009,3
3010,4
3011,4
3012,4
3013,1
3014,3
3015,4
3016,2
3017,2
3018,4
3019,3
3020,2
3021,4
3022,1
3023,3
3024,3
3025,2
3026,4
3027,1
3028,2
3029,0
3030,3
3031,0
3032,2
3033,1
3034,1
3035,1
3036,1
3037,2
3038,3
3039,3
3040,1
3041,4
3042,1
3043,1
3044,1
3045,3
3046,3
3047,2
3048,1
3049,1
3050,4
3051,4
3052,3
3053,4
3054,0
3055,3
3056,1
3057,0
3058,3
3059,2
3060,3
3061,3
3062,2
3063,2
3064,1
3065,2
3066,4
3067,0
3068,2
3069,2
3070,6
3071,7
3072,2
3073,4
3074,2
3075,5
3076,5
3077,5
3078,5
3079,3
3080,1
3081,4
3082,3
3083,0
3084,3
3085,2
3086,2
3087,2
3088,0
3089,2
3090,1
3091,5
3092,4
3093,4
3094,4
3095,3
3096,3
3097,3
3098,7
3099,1
3100,0
3101,2
3102,1
3103,4
3104,2
3105,2
3106,5
3107,3
3108,1
3109,1
3110,1
3111,5
3112,2
3113,3
3114,0
3115,3
3116,0
3117,3
3118,1
3119,3
3120,2
3121,0
3122,1
3123,1
3124,2
3125,6
3126,2
3127,1
3128,0
3129,2
3130,4
3131,1
3132,2
3133,3
3134,4
3135,2
3136,3
3137,3
3138,1
3139,4
3140,2
3141,5
3142,3
3143,2
3144,5
3145,3
3146,1
3147,1
3148,4
3149,2
3150,3
3151,5
3152,4
3153,2
3154,3
3155,4
3156,1
3157,2
3158,0
3159,4
3160,2
3161,1
3162,5
3163,5
3164,2
3165,2
3166,2
3167,4
3168,3
3169,0
3170,2
3171,3
3172,4
3173,4
3174,1
3175,4
3176,5
3177,2
3178,2
3179,1
3180,1
3181,1
3182,4
3183,3
3184,4
3185,5
3186,0
3187,3
3188,1
3189,3
3190,3
3191,1
3192,0
3193,0
3194,3
3195,1
3196,2
3197,1
3198,1
3199,1
3200,2
3201,1
3202,2
3203,7
3204,2
3205,5
3206,6
3207,2
3208,2
3209,5
3210,3
3211,4
3212,3
3213,3
3214,2
3215,4
3216,3
3217,2
3218,6
3219,0
3220,2
3221,2
3222,1
3223,1
3224,0
3225,3
3226,4
3227,1
3228,4
3229,2
3230,3
3231,1
3232,2
3233,4
3234,1
3235,3
3236,1
3237,1
3238,0
3239,4
3240,4
3241,1
3242,3
3243,1
3244,2
3245,7
3246,1
3247,2
3248,0
3249,2
3250,2
3251,1
3252,1
3253,5
3254,1
3255,1
3256,1
3257,5
3258,1
3259,3
3260,4
3261,3
3262,2
3263,2
3264,2
3265,0
3266,0
3267,4
3268,3
3269,5
3270,0
3271,1
3272,3
3273,1
3274,1
3275,2
3276,2
3277,6
3278,5
3279,3
3280,3
3281,0
3282,2
3283,2
3284,2
3285,1
3286,3
3287,1
3288,4
3289,5
3290,2
3291,2
3292,7
3293,2
3294,3
3295,2
3296,1
3297,2
3298,4
3299,0
3300,3
3301,2
3302,0
3303,3
3304,9
3305,3
3306,1
3307,3
3308,1
3309,2
3310,3
3311,1
3312,1
3313,1
3314,3
3315,5
3316,1
3317,0
3318,4
3319,3
3320,5
3321,1
3322,4
3323,1
3324,1
3325,1
3326,0
3327,3
3328,1
3329,2
3330,1
3331,2
3332,1
3333,2
3334,4
3335,4
3336,4
3337,1
3338,3
3339,3
3340,2
3341,2
3342,2
3343,10
3344,5
3345,4
3346,1
3347,2
3348,3
3349,1
3350,3
3351,4
3352,2
3353,2
3354,3
3355,5
3356,2
3357,1
3358,4
3359,3
3360,2
3361,3
3362,5
3363,2
3364,0
3365,1
3366,2
3367,1
3368,2
3369,5
3370,3
3371,2
3372,2
3373,2
3374,1
3375,1
3376,5
3377,3
3378,5
3379,3
3380,1
3381,1
3382,0
3383,4
3384,1
3385,2
3386,2
3387,0
3388,4
3389,2
3390,4
3391,4
3392,2
3393,2
3394,3
3395,0
3396,5
3397,1
3398,1
3399,1
3400,1
3401,3
3402,2
3403,4
3404,1
3405,3
3406,5
3407,3
3408,5
3409,2
3410,2
3411,4
3412,2
3413,2
3414,2
3415,6
3416,3
3417,2
3418,3
3419,1
3420,3
3421,4
3422,0
3423,3
3424,2
3425,0
3426,3
3427,0
3428,1
3429,2
3430,1
3431,2
3432,0
3433,1
3434,3
3435,2
3436,1
3437,3
3438,2
3439,2
3440,0
3441,1
3442,2
3443,1
3444,1
3445,2
3446,2
3447,7
3448,4
3449,6
3450,1
3451,5
3452,0
3453,2
3454,2
3455,1
3456,5
3457,0
3458,2
3459,2
3460,1
3461,2
3462,2
3463,2
3464,2
3465,2
3466,4
3467,3
3468,5
3469,0
3470,6
3471,5
3472,2
3473,4
3474,3
3475,1
3476,0
3477,2
3478,1
3479,2
3480,2
3481,4
3482,1
3483,5
3484,1
3485,1
3486,2
3487,1
3488,2
3489,1
3490,1
3491,3
3492,2
3493,3
3494,3
3495,2
3496,1
3497,3
3498,3
3499,3
3500,6
3501,2
3502,3
3503,1
3504,3
3505,1
3506,5
3507,1
3508,3
3509,2
3510,2
3511,2
3512,6
3513,3
3514,5
3515,2
3516,0
3517,3
3518,6
3519,5
3520,3
3521,4
3522,3
3523,3
3524,4
3525,0
3526,2
3527,3
3528,1
3529,3
3530,4
3531,1
3532,0
3533,2
3534,6
3535,4
3536,8
3537,1
3538,4
3539,4
3540,1
3541,2
3542,2
3543,3
3544,6
3545,1
3546,0
3547,5
3548,1
3549,1
3550,4
3551,4
3552,2
3553,1
3554,2
3555,1
3556,1
3557,5
3558,3
3559,2
3560,4
3561,2
3562,3
3563,3
3564,2
3565,0
3566,4
3567,4
3568,2
3569,2
3570,6
3571,1
3572,6
3573,2
3574,1
3575,4
3576,3
3577,2
3578,1
3579,2
3580,3
3581,3
3582,3
3583,1
3584,2
3585,2
3586,1
3587,2
3588,1
3589,2
3590,1
3591,1
3592,1
3593,1
3594,3
3595,3
3596,2
3597,3
3598,2
3599,2
3600,2
3601,2
3602,2
3603,2
3604,3
3605,4
3606,4
3607,4
3608,5
3609,2
3610,4
3611,3
3612,1
3613,2
3614,5
3615,5
3616,1
3617,2
3618,0
3619,2
3620,4
3621,4
3622,5
3623,1
3624,2
3625,1
3626,4
3627,1
3628,1
3629,6
3630,2
3631,3
3632,5
3633,3
3634,2
3635,2
3636,1
3637,2
3638,3
3639,2
3640,0
3641,2
3642,4
3643,4
3644,0
3645,3
3646,5
3647,4
3648,1
3649,3
3650,3
3651,3
3652,1
3653,1
3654,2
3655,4
3656,5
3657,4
3658,3
3659,2
3660,5
3661,2
3662,5
3663,2
3664,3
3665,5
3666,2
3667,1
3668,1
3669,2
3670,1
3671,2
3672,3
3673,3
3674,1
3675,3
3676,6
3677,1
3678,2
3679,0
3680,2
3681,2
3682,4
3683,3
3684,1
3685,5
3686,0
3687,1
3688,5
3689,3
3690,4
3691,2
3692,4
3693,4
3694,3
3695,1
3696,2
3697,3
3698,4
3699,3
3700,3
3701,2
3702,2
3703,1
3704,6
3705,2
3706,2
3707,4
3708,3
3709,2
3710,1
3711,1
3712,1
3713,3
3714,5
3715,5
3716,2
3717,3
3718,1
3719,2
3720,2
3721,3
3722,3
3723,3
3724,2
3725,1
3726,1
3727,1
3728,3
3729,1
3730,2
3731,3
3732,2
3733,1
3734,3
3735,3
3736,4
3737,2
3738,2
3739,4
3740,0
3741,4
3742,1
3743,4
3744,1
3745,3
3746,2
3747,2
3748,2
3749,4
3750,3
3751,2
3752,3
3753,5
3754,3
3755,2
3756,2
3757,2
3758,2
3759,2
3760,5
3761,1
3762,2
3763,4
3764,3
3765,3
3766,5
3767,1
3768,2
3769,4
3770,3
3771,2
3772,4
3773,3
3774,1
3775,2
3776,3
3777,2
3778,0
3779,1
3780,1
3781,6
3782,1
3783,4
3784,2
3785,0
3786,2
3787,1
3788,3
3789,2
3790,0
3791,4
3792,5
3793,4
3794,2
3795,4
3796,1
3797,3
3798,0
3799,0
3800,1
3801,2
3802,1
3803,1
3804,0
3805,1
3806,3
3807,1
3808,1
3809,2
3810,9
3811,4
3812,3
3813,3
3814,2
3815,1
3816,2
3817,2
3818,5
3819,5
3820,5
3821,4
3822,3
3823,2
3824,6
3825,1
3826,2
3827,4
3828,1
3829,6
3830,5
3831,2
3832,4
3833,1
3834,4
3835,4
3836,2
3837,2
3838,5
3839,2
3840,2
3841,2
3842,5
3843,2
3844,1
3845,1
3846,2
3847,2
3848,1
3849,1
3850,3
3851,3
3852,4
3853,0
3854,2
3855,1
3856,1
3857,4
3858,5
3859,2
3860,3
3861,0
3862,2
3863,2
3864,4
3865,3
3866,3
3867,3
3868,2
3869,3
3870,1
3871,3
3872,1
3873,3
3874,1
3875,1
3876,3
3877,1
3878,1
3879,5
3880,2
3881,2
3882,4
3883,1
3884,2
3885,3
3886,0
3887,3
3888,3
3889,2
3890,3
3891,1
3892,1
3893,0
3894,4
3895,2
3896,5
3897,1
3898,4
3899,3
3900,1
3901,8
3902,2
3903,2
3904,4
3905,3
3906,2
3907,3
3908,2
3909,3
3910,2
3911,3
3912,1
3913,2
3914,2
3915,4
3916,3
3917,2
3918,1
3919,4
3920,4
3921,2
3922,3
3923,2
3924,2
3925,0
3926,4
3927,1
3928,5
3929,4
3930,2
3931,1
3932,1
3933,6
3934,1
3935,4
3936,2
3937,2
3938,1
3939,2
3940,3
3941,3
3942,3
3943,1
3944,3
3945,3
3946,7
3947,2
3948,6
3949,2
3950,2
3951,1
3952,0
3953,2
3954,1
3955,3
3956,4
3957,2
3958,4
3959,6
3960,0
3961,2
3962,4
3963,4
3964,3
3965,2
3966,1
3967,2
3968,1
3969,3
3970,1
3971,3
3972,4
3973,1
3974,3
3975,1
3976,1
3977,1
3978,5
3979,2
3980,2
3981,5
3982,5
3983,2
3984,1
3985,1
3986,4
3987,4
3988,1
3989,1
3990,5
3991,3
3992,1
3993,4
3994,1
3995,3
3996,2
3997,3
3998,3
3999,2
4000,1
4001,3
4002,1
4003,3
4004,0
4005,4
4006,4
4007,2
4008,1
4009,1
4010,3
4011,4
4012,5
4013,3
4014,2
4015,1
4016,1
4017,1
4018,4
4019,5
4020,4
4021,1
4022,1
4023,0
4024,3
4025,2
4026,2
4027,1
4028,6
4029,3
4030,3
4031,2
4032,6
4033,2
4034,5
4035,2
4036,4
4037,1
4038,1
4039,3
4040,3
4041,4
4042,2
4043,4
4044,7
4045,3
4046,1
4047,0
4048,4
4049,1
4050,3
4051,1
4052,2
4053,3
4054,2
4055,2
4056,2
4057,1
4058,1
4059,0
4060,1
4061,2
4062,3
4063,3
4064,2
4065,4
4066,4
4067,7
4068,3
4069,2
4070,3
4071,2
4072,5
4073,3
4074,2
4075,3
4076,3
4077,3
4078,2
4079,6
4080,1
4081,4
4082,3
4083,2
4084,3
4085,1
4086,0
4087,0
4088,3
4089,3
4090,2
4091,3
4092,2
4093,3
4094,2
4095,2
4096,5
4097,1
4098,5
4099,4
4100,3
4101,2
4102,2
4103,1
4104,1
4105,2
4106,2
4107,0
4108,3
4109,4
4110,0
4111,6
4112,0
4113,1
4114,2
4115,1
4116,2
4117,2
4118,2
4119,1
4120,3
4121,4
4122,1
4123,4
4124,2
4125,3
4126,2
4127,2
4128,1
4129,1
4130,3
4131,3
4132,3
4133,1
4134,2
4135,2
4136,1
4137,0
4138,2
4139,2
4140,5
4141,3
4142,1
4143,4
4144,3
4145,1
4146,2
4147,3
4148,1
4149,2
4150,2
4151,1
4152,6
4153,1
4154,3
4155,4
4156,0
4157,2
4158,2
4159,3
4160,1
4161,1
4162,4
4163,5
4164,0
4165,7
4166,3
4167,3
4168,2
4169,5
4170,0
4171,2
4172,1
4173,4
4174,2
4175,4
4176,0
4177,3
4178,1
4179,2
4180,4
4181,2
4182,6
4183,1
4184,6
4185,4
4186,1
4187,3
4188,3
4189,3
4190,2
4191,3
4192,2
4193,4
4194,3
4195,4
4196,1
4197,0
4198,1
4199,3
4200,5
4201,8
4202,4
4203,0
4204,1
4205,3
4206,1
4207,0
4208,4
4209,2
4210,1
4211,5
4212,2
4213,4
4214,2
4215,4
4216,4
4217,4
4218,1
4219,3
4220,3
4221,4
4222,2
4223,2
4224,3
4225,2
4226,2
4227,2
4228,2
4229,5
4230,3
4231,9
4232,5
4233,3
4234,3
4235,5
4236,2
4237,4
4238,4
4239,1
4240,4
4241,1
4242,2
4243,1
4244,0
4245,4
4246,1
4247,2
4248,3
4249,3
4250,2
4251,3
4252,4
4253,4
4254,5
4255,2
4256,3
4257,3
4258,2
4259,1
4260,3
4261,1
4262,2
4263,1
4264,4
4265,5
4266,1
4267,1
4268,2
4269,1
4270,0
4271,2
4272,1
4273,2
4274,1
4275,0
4276,0
4277,0
4278,0
4279,1
4280,0
4281,5
4282,3
4283,0
4284,4
4285,1
4286,2
4287,3
4288,3
4289,5
4290,2
4291,4
4292,0
4293,3
4294,4
4295,4
4296,4
4297,3
4298,5
4299,2
4300,2
4301,3
4302,2
4303,1
4304,3
4305,5
4306,3
4307,0
4308,3
4309,1
4310,0
4311,1
4312,2
4313,2
4314,0
4315,5
4316,2
4317,4
4318,2
4319,1
4320,4
4321,3
4322,3
4323,2
4324,2
4325,1
4326,5
4327,1
4328,2
4329,7
4330,7
4331,1
4332,1
4333,1
4334,3
4335,3
4336,3
4337,3
4338,3
4339,2
4340,5
4341,4
4342,1
4343,2
4344,2
4345,4
4346,1
4347,1
4348,2
4349,5
4350,5
4351,2
4352,2
4353,0
4354,1
4355,4
4356,7
4357,4
4358,0
4359,3
4360,1
4361,3
4362,2
4363,6
4364,2
4365,6
4366,2
4367,2
4368,2
4369,7
4370,3
4371,5
4372,3
4373,0
4374,4
4375,3
4376,3
4377,3
4378,4
4379,2
4380,3
4381,1
4382,1
4383,4
4384,2
4385,5
4386,3
4387,3
4388,4
4389,2
4390,4
4391,1
4392,2
4393,3
4394,4
4395,4
4396,2
4397,3
4398,6
4399,4
4400,2
4401,1
4402,1
4403,2
4404,1
4405,3
4406,1
4407,1
4408,3
4409,2
4410,3
4411,0
4412,4
4413,3
4414,2
4415,1
4416,2
4417,1
4418,2
4419,3
4420,2
4421,8
4422,2
4423,2
4424,4
4425,2
4426,0
4427,0
4428,3
4429,3
4430,3
4431,4
4432,1
4433,0
4434,5
4435,5
4436,1
4437,3
4438,6
4439,2
4440,0
4441,3
4442,0
4443,4
4444,4
4445,3
4446,3
4447,2
4448,3
4449,4
4450,3
4451,0
4452,2
4453,1
4454,3
4455,2
4456,4
4457,1
4458,1
4459,3
4460,2
4461,2
4462,2
4463,1
4464,1
4465,2
4466,3
4467,2
4468,2
4469,3
4470,1
4471,4
4472,0
4473,3
4474,4
4475,2
4476,4
4477,3
4478,3
4479,5
4480,4
4481,2
4482,1
4483,2
4484,5
4485,0
4486,3
4487,1
4488,5
4489,3
4490,3
4491,3
4492,4
4493,5
4494,1
4495,2
4496,4
4497,2
4498,5
4499,2
4500,5
4501,0
4502,1
4503,0
4504,6
4505,3
4506,1
4507,7
4508,2
4509,3
4510,2
4511,1
4512,2
4513,1
4514,1
4515,2
4516,1
4517,0
4518,1
4519,5
4520,1
4521,6
4522,1
4523,2
4524,5
4525,1
4526,5
4527,0
4528,4
4529,1
4530,5
4531,6
4532,3
4533,3
4534,4
4535,3
4536,2
4537,2
4538,0
4539,1
4540,0
4541,1
4542,3
4543,4
4544,5
4545,4
4546,4
4547,4
4548,5
4549,2
4550,7
4551,2
4552,1
4553,3
4554,5
4555,1
4556,1
4557,2
4558,4
4559,3
4560,2
4561,1
4562,0
4563,2
4564,4
4565,1
4566,2
4567,5
4568,1
4569,2
4570,3
4571,2
4572,4
4573,1
4574,2
4575,1
4576,3
4577,2
4578,4
4579,6
4580,7
4581,2
4582,3
4583,3
4584,4
4585,2
4586,0
4587,2
4588,3
4589,4
4590,4
4591,3
4592,0
4593,3
4594,0
4595,2
4596,3
4597,5
4598,3
4599,2
4600,0
4601,1
4602,1
4603,3
4604,3
4605,1
4606,3
4607,2
4608,3
4609,3
4610,2
4611,2
4612,1
4613,5
4614,1
4615,1
4616,1
4617,6
4618,5
4619,3
4620,1
4621,1
4622,4
4623,5
4624,1
4625,1
4626,5
4627,3
4628,7
4629,1
4630,2
4631,2
4632,1
4633,1
4634,0
4635,5
4636,6
4637,1
4638,4
4639,4
4640,4
4641,4
4642,1
4643,5
4644,0
4645,1
4646,3
4647,2
4648,1
4649,3
4650,5
4651,1
4652,4
4653,2
4654,1
4655,1
4656,5
4657,3
4658,1
4659,1
4660,4
4661,6
4662,1
4663,2
4664,5
4665,4
4666,3
4667,1
4668,2
4669,2
4670,1
4671,1
4672,2
4673,3
4674,2
4675,2
4676,1
4677,4
4678,3
4679,4
4680,4
4681,5
4682,1
4683,5
4684,2
4685,5
4686,1
4687,3
4688,4
4689,3
4690,1
4691,1
4692,2
4693,3
4694,2
4695,2
4696,5
4697,0
4698,2
4699,1
4700,3
4701,0
4702,4
4703,1
4704,7
4705,4
4706,0
4707,0
4708,2
4709,3
4710,4
4711,2
4712,2
4713,2
4714,1
4715,4
4716,2
4717,4
4718,1
4719,2
4720,3
4721,2
4722,2
4723,3
4724,2
4725,1
4726,0
4727,3
4728,3
4729,4
4730,5
4731,5
4732,1
4733,3
4734,2
4735,0
4736,0
4737,2
4738,3
4739,3
4740,4
4741,2
4742,2
4743,3
4744,2
4745,1
4746,0
4747,3
4748,2
4749,4
4750,2
4751,2
4752,1
4753,2
4754,2
4755,1
4756,4
4757,6
4758,2
4759,4
4760,0
4761,5
4762,3
4763,1
4764,0
4765,4
4766,1
4767,1
4768,2
4769,2
4770,3
4771,1
4772,1
4773,4
4774,3
4775,4
4776,9
4777,0
4778,1
4779,5
4780,0
4781,3
4782,4
4783,3
4784,1
4785,1
4786,3
4787,1
4788,3
4789,1
4790,1
4791,2
4792,2
4793,2
4794,3
4795,2
4796,1
4797,1
4798,3
4799,3
4800,2
4801,2
4802,1
4803,0
4804,2
4805,1
4806,2
4807,7
4808,3
4809,2
4810,2
4811,2
4812,3
4813,0
4814,1
4815,3
4816,1
4817,4
4818,2
4819,2
4820,2
4821,1
4822,0
4823,0
4824,5
4825,0
4826,4
4827,3
4828,1
4829,3
4830,3
4831,1
4832,3
4833,2
4834,2
4835,3
4836,0
4837,1
4838,4
4839,3
4840,1
4841,2
4842,2
4843,3
4844,1
4845,4
4846,1
4847,3
4848,3
4849,7
4850,1
4851,5
4852,4
4853,2
4854,1
4855,1
4856,2
4857,0
4858,6
4859,5
4860,2
4861,3
4862,2
4863,4
4864,2
4865,2
4866,0
4867,4
4868,1
4869,3
4870,2
4871,2
4872,3
4873,4
4874,3
4875,1
4876,2
4877,4
4878,1
4879,2
4880,2
4881,1
4882,0
4883,2
4884,7
4885,4
4886,3
4887,2
4888,1
4889,2
4890,2
4891,5
4892,5
4893,4
4894,5
4895,2
4896,3
4897,1
4898,4
4899,1
4900,6
4901,3
4902,2
4903,1
4904,1
4905,4
4906,2
4907,0
4908,3
4909,2
4910,3
4911,5
4912,2
4913,4
4914,4
4915,1
4916,1
4917,3
4918,2
4919,2
4920,2
4921,2
4922,3
4923,0
4924,0
4925,4
4926,1
4927,5
4928,3
4929,3
4930,5
4931,3
4932,4
4933,4
4934,1
4935,2
4936,4
4937,2
4938,3
4939,1
4940,3
4941,2
4942,1
4943,2
4944,0
4945,2
4946,2
4947,5
4948,1
4949,1
4950,3
4951,1
4952,3
4953,3
4954,2
4955,0
4956,2
4957,3
4958,3
4959,2
4960,3
4961,3
4962,2
4963,2
4964,1
4965,2
4966,5
4967,4
4968,2
4969,4
4970,4
4971,4
4972,2
4973,1
4974,1
4975,5
4976,2
4977,1
4978,1
4979,3
4980,6
4981,1
4982,3
4983,1
4984,2
4985,1
4986,1
4987,3
4988,2
4989,4
4990,1
4991,5
4992,6
4993,3
4994,1
4995,1
4996,3
4997,2
4998,3
4999,5
5000,1
5001,4
5002,2
5003,0
5004,4
5005,4
5006,4
5007,0
5008,2
5009,1
5010,2
5011,2
5012,2
5013,2
5014,3
5015,1
5016,1
5017,5
5018,3
5019,0
5020,4
5021,4
5022,3
5023,1
5024,3
5025,4
5026,1
5027,5
5028,1
5029,9
5030,4
5031,5
5032,5
5033,1
5034,2
5035,3
5036,5
5037,2
5038,2
5039,4
5040,1
5041,3
5042,2
5043,1
5044,3
5045,4
5046,3
5047,8
5048,5
5049,3
5050,1
5051,1
5052,2
5053,2
5054,7
5055,1
5056,3
5057,3
5058,5
5059,2
5060,2
5061,2
5062,5
5063,2
5064,0
5065,3
5066,3
5067,3
5068,4
5069,2
5070,1
5071,5
5072,3
5073,2
5074,1
5075,4
5076,3
5077,4
5078,4
5079,2
5080,1
5081,2
5082,1
5083,1
5084,4
5085,2
5086,1
5087,0
5088,2
5089,0
5090,2
5091,3
5092,0
5093,5
5094,4
5095,3
5096,1
5097,4
5098,0
5099,1
5100,0
5101,2
5102,3
5103,4
5104,4
5105,0
5106,3
5107,1
5108,2
5109,4
5110,3
5111,2
5112,1
5113,1
5114,5
5115,4
5116,5
5117,0
5118,3
5119,4
5120,7
5121,2
5122,3
5123,1
5124,1
5125,4
5126,1
5127,0
5128,2
5129,2
5130,1
5131,3
5132,0
5133,3
5134,1
5135,2
5136,1
5137,1
5138,1
5139,1
5140,3
5141,2
5142,4
5143,1
5144,3
5145,0
5146,4
5147,3
5148,7
5149,4
5150,3
5151,4
5152,2
5153,1
5154,2
5155,2
5156,5
5157,2
5158,4
5159,3
5160,0
5161,6
5162,2
5163,2
5164,4
5165,1
5166,3
5167,2
5168,3
5169,1
5170,2
5171,5
5172,3
5173,3
5174,1
5175,3
5176,3
5177,1
5178,6
5179,2
5180,2
5181,3
5182,3
5183,3
5184,2
5185,1
5186,2
5187,3
5188,2
5189,3
5190,5
5191,4
5192,2
5193,1
5194,3
5195,1
5196,3
5197,3
5198,2
5199,3
5200,6
5201,0
5202,4
5203,2
5204,2
5205,1
5206,0
5207,2
5208,4
5209,1
5210,2
5211,2
5212,2
5213,1
5214,3
5215,1
5216,3
5217,5
5218,2
5219,2
5220,0
5221,1
5222,7
5223,1
5224,3
5225,2
5226,4
5227,2
5228,0
5229,1
5230,1
5231,6
5232,2
5233,3
5234,1
5235,5
5236,2
5237,4
5238,5
5239,1
5240,2
5241,7
5242,1
5243,0
5244,3
5245,3
5246,1
5247,3
5248,2
5249,4
5250,2
5251,4
5252,3
5253,3
5254,1
5255,3
5256,2
5257,2
5258,3
5259,3
5260,4
5261,4
5262,1
5263,1
5264,1
5265,2
5266,0
5267,2
5268,5
5269,0
5270,3
5271,2
5272,3
5273,3
5274,5
5275,0
5276,2
5277,0
5278,4
5279,2
5280,0
5281,5
5282,3
5283,4
5284,3
5285,2
5286,2
5287,5
5288,1
5289,3
5290,2
5291,5
5292,1
5293,2
5294,3
5295,2
5296,4
5297,1
5298,1
5299,4
5300,3
5301,2
5302,5
5303,1
5304,2
5305,3
5306,3
5307,2
5308,2
5309,3
5310,6
5311,3
5312,1
5313,4
5314,5
5315,1
5316,3
5317,4
5318,1
5319,1
5320,4
5321,1
5322,2
5323,4
5324,1
5325,3
5326,1
5327,3
5328,2
5329,4
5330,1
5331,2
5332,3
5333,2
5334,2
5335,4
5336,2
5337,0
5338,3
5339,2
5340,2
5341,4
5342,6
5343,2
5344,5
5345,3
5346,4
5347,1
5348,1
5349,2
5350,7
5351,3
5352,2
5353,3
5354,4
5355,5
5356,2
5357,3
5358,4
5359,2
5360,3
5361,1
5362,4
5363,4
5364,1
5365,3
5366,2
5367,4
5368,2
5369,2
5370,3
5371,1
5372,3
5373,1
5374,2
5375,2
5376,1
5377,4
5378,1
5379,1
5380,3
5381,3
5382,1
5383,1
5384,2
5385,6
5386,1
5387,3
5388,0
5389,1
5390,4
5391,1
5392,5
5393,3
5394,4
5395,2
5396,3
5397,5
5398,2
5399,0
5400,2
5401,1
5402,1
5403,1
5404,4
5405,3
5406,2
5407,2
5408,3
5409,0
5410,2
5411,4
5412,2
5413,1
5414,0
5415,5
5416,3
5417,6
5418,1
5419,7
5420,4
5421,3
5422,0
5423,2
5424,3
5425,2
5426,4
5427,0
5428,3
5429,1
5430,2
5431,3
5432,3
5433,1
5434,2
5435,0
5436,1
5437,3
5438,0
5439,2
5440,2
5441,1
5442,1
5443,1
5444,2
5445,3
5446,3
5447,0
5448,5
5449,6
5450,4
5451,4
5452,1
5453,0
5454,2
5455,3
5456,3
5457,0
5458,1
5459,2
5460,4
5461,3
5462,3
5463,3
5464,5
5465,4
5466,5
5467,3
5468,0
5469,1
5470,3
5471,1
5472,4
5473,0
5474,3
5475,1
5476,1
5477,2
5478,4
5479,1
5480,1
5481,7
5482,1
5483,5
5484,4
5485,2
5486,6
5487,2
5488,1
5489,1
5490,7
5491,4
5492,1
5493,3
5494,5
5495,1
5496,7
5497,3
5498,4
5499,5
5500,1
5501,4
5502,1
5503,4
5504,4
5505,2
5506,1
5507,2
5508,1
5509,2
5510,5
5511,4
5512,0
5513,0
5514,4
5515,4
5516,2
5517,1
5518,5
5519,3
5520,2
5521,3
5522,3
5523,1
5524,2
5525,2
5526,1
5527,2
5528,4
5529,2
5530,4
5531,3
5532,6
5533,3
5534,3
5535,0
5536,2
5537,0
5538,4
5539,2
5540,3
5541,2
5542,3
5543,3
5544,3
5545,2
5546,1
5547,2
5548,2
5549,5
5550,2
5551,4
5552,4
5553,5
5554,1
5555,4
5556,6
5557,6
5558,3
5559,2
5560,2
5561,2
5562,2
5563,1
5564,0
5565,2
5566,1
5567,3
5568,2
5569,0
5570,1
5571,4
5572,2
5573,2
5574,3
5575,6
5576,3
5577,1
5578,4
5579,5
5580,4
5581,0
5582,0
5583,2
5584,2
5585,2
5586,3
5587,2
5588,3
5589,3
5590,1
5591,4
5592,2
5593,2
5594,1
5595,1
5596,0
5597,0
5598,3
5599,3
5600,2
5601,3
5602,2
5603,1
5604,2
5605,6
5606,1
5607,3
5608,4
5609,5
5610,1
5611,8
5612,2
5613,2
5614,1
5615,3
5616,3
5617,3
5618,0
5619,1
5620,3
5621,5
5622,2
5623,1
5624,1
5625,1
5626,5
5627,2
5628,2
5629,2
5630,2
5631,6
5632,1
5633,3
5634,1
5635,3
5636,3
5637,2
5638,1
5639,6
5640,2
5641,2
5642,0
5643,3
5644,3
5645,3
5646,1
5647,0
5648,2
5649,3
5650,0
5651,5
5652,4
5653,1
5654,4
5655,1
5656,2
5657,2
5658,3
5659,1
5660,2
5661,1
5662,5
5663,0
5664,5
5665,2
5666,3
5667,2
5668,4
5669,4
5670,0
5671,1
5672,2
5673,3
5674,3
5675,3
5676,2
5677,6
5678,1
5679,2
5680,4
5681,1
5682,6
5683,0
5684,0
5685,1
5686,1
5687,4
5688,2
5689,3
5690,3
5691,2
5692,2
5693,3
5694,1
5695,5
5696,5
5697,3
5698,3
5699,3
5700,3
5701,2
5702,1
5703,3
5704,5
5705,1
5706,3
5707,2
5708,0
5709,1
5710,1
5711,3
5712,2
5713,6
5714,4
5715,0
5716,2
5717,2
5718,2
5719,1
5720,4
5721,5
5722,2
5723,1
5724,0
5725,1
5726,3
5727,8
5728,1
5729,1
5730,3
5731,2
5732,1
5733,2
5734,5
5735,3
5736,0
5737,1
5738,2
5739,0
5740,3
5741,4
5742,1
5743,5
5744,3
5745,1
5746,1
5747,3
5748,1
5749,1
5750,3
5751,2
5752,6
5753,1
5754,1
5755,4
5756,4
5757,1
5758,3
5759,1
5760,4
5761,2
5762,0
5763,2
5764,3
5765,2
5766,1
5767,0
5768,0
5769,6
5770,0
5771,4
5772,3
5773,0
5774,3
5775,0
5776,3
5777,1
5778,2
5779,0
5780,2
5781,4
5782,4
5783,2
5784,1
5785,3
5786,1
5787,1
5788,1
5789,2
5790,5
5791,4
5792,3
5793,4
5794,3
5795,1
5796,1
5797,3
5798,3
5799,5
5800,2
5801,2
5802,2
5803,2
5804,2
5805,4
5806,4
5807,1
5808,1
5809,3
5810,3
5811,0
5812,4
5813,2
5814,3
5815,1
5816,3
5817,1
5818,2
5819,1
5820,4
5821,2
5822,1
5823,1
5824,4
5825,4
5826,1
5827,2
5828,4
5829,2
5830,3
5831,2
5832,4
5833,5
5834,3
5835,1
5836,1
5837,4
5838,2
5839,2
5840,0
5841,0
5842,3
5843,3
5844,3
5845,2
5846,2
5847,0
5848,1
5849,4
5850,3
5851,1
5852,1
5853,2
5854,1
5855,4
5856,3
5857,1
5858,2
5859,2
5860,4
5861,2
5862,1
5863,3
5864,3
5865,4
5866,2
5867,0
5868,2
5869,3
5870,2
5871,6
5872,1
5873,2
5874,4
5875,6
5876,2
5877,2
5878,3
5879,1
5880,3
5881,2
5882,4
5883,7
5884,3
5885,4
5886,1
5887,4
5888,2
5889,2
5890,2
5891,2
5892,5
5893,5
5894,4
5895,4
5896,1
5897,1
5898,6
5899,4
5900,1
5901,2
5902,2
5903,2
5904,3
5905,3
5906,1
5907,4
5908,2
5909,2
5910,0
5911,1
5912,2
5913,3
5914,4
5915,4
5916,2
5917,1
5918,3
5919,2
5920,2
5921,6
5922,0
5923,1
5924,2
5925,6
5926,4
5927,2
5928,1
5929,3
5930,1
5931,3
5932,4
5933,2
5934,5
5935,3
5936,1
5937,5
5938,0
5939,2
5940,3
5941,6
5942,1
5943,4
5944,4
5945,3
5946,4
5947,2
5948,3
5949,2
5950,3
5951,1
5952,1
5953,2
5954,2
5955,3
5956,4
5957,1
5958,3
5959,0
5960,3
5961,2
5962,2
5963,3
5964,2
5965,1
5966,2
5967,1
5968,1
5969,1
5970,1
5971,4
5972,4
5973,5
5974,2
5975,3
5976,3
5977,4
5978,0
5979,3
5980,0
5981,6
5982,3
5983,2
5984,2
5985,2
5986,1
5987,6
5988,1
5989,1
5990,2
5991,0
5992,2
5993,4
5994,0
5995,2
5996,3
5997,0
5998,3
5999,5
6000,3
6001,0
6002,5
6003,3
6004,0
6005,3
6006,3
6007,3
6008,1
6009,1
6010,4
6011,1
6012,2
6013,0
6014,2
6015,3
6016,3
6017,3
6018,1
6019,1
6020,3
6021,2
6022,0
6023,4
6024,2
6025,2
6026,4
6027,5
6028,4
6029,3
6030,0
6031,3
6032,2
6033,1
6034,1
6035,3
6036,3
6037,3
6038,2
6039,2
6040,0
6041,2
6042,5
6043,5
6044,2
6045,2
6046,1
6047,1
6048,2
6049,2
6050,2
6051,3
6052,2
6053,1
6054,2
6055,2
6056,6
6057,0
6058,4
6059,2
6060,1
6061,7
6062,3
6063,7
6064,4
6065,5
6066,5
6067,2
6068,1
6069,3
6070,3
6071,4
6072,2
6073,4
6074,7
6075,2
6076,4
6077,1
6078,1
6079,2
6080,3
6081,2
6082,2
6083,3
6084,4
6085,3
6086,1
6087,3
6088,5
6089,0
6090,0
6091,1
6092,2
6093,2
6094,4
6095,2
6096,2
6097,4
6098,1
6099,1
6100,0
6101,6
6102,4
6103,2
6104,1
6105,3
6106,2
6107,3
6108,1
6109,2
6110,2
6111,3
6112,2
6113,2
6114,3
6115,4
6116,2
6117,5
6118,3
6119,3
6120,1
6121,5
6122,3
6123,5
6124,2
6125,2
6126,1
6127,3
6128,1
6129,2
6130,2
6131,3
6132,3
6133,1
6134,1
6135,3
6136,2
6137,4
6138,2
6139,2
6140,1
6141,3
6142,3
6143,1
6144,2
6145,1
6146,1
6147,5
6148,4
6149,0
6150,1
6151,2
6152,2
6153,2
6154,2
6155,1
6156,4
6157,4
6158,6
6159,2
6160,3
6161,3
6162,0
6163,5
6164,2
6165,1
6166,1
6167,0
6168,2
6169,2
6170,2
6171,2
6172,0
6173,2
6174,0
6175,3
6176,2
6177,2
6178,1
6179,4
6180,1
6181,1
6182,3
6183,2
6184,1
6185,4
6186,2
6187,3
6188,1
6189,3
6190,0
6191,2
6192,0
6193,3
6194,5
6195,2
6196,4
6197,4
6198,2
6199,1
6200,2
6201,2
6202,4
6203,0
6204,2
6205,3
6206,0
6207,1
6208,1
6209,5
6210,5
6211,5
6212,3
6213,2
6214,3
6215,0
6216,2
6217,3
6218,0
6219,3
6220,4
6221,4
6222,2
6223,4
6224,2
6225,4
6226,2
6227,2
6228,0
6229,5
6230,3
6231,1
6232,1
6233,3
6234,3
6235,2
6236,5
6237,1
6238,2
6239,1
6240,7
6241,3
6242,5
6243,1
6244,4
6245,1
6246,4
6247,2
6248,2
6249,3
6250,4
6251,2
6252,1
6253,3
6254,0
6255,3
6256,2
6257,3
6258,2
6259,5
6260,2
6261,7
6262,2
6263,0
6264,2
6265,1
6266,2
6267,2
6268,1
6269,2
6270,3
6271,4
6272,3
6273,3
6274,2
6275,3
6276,2
6277,3
6278,1
6279,3
6280,2
6281,1
6282,4
6283,1
6284,3
6285,3
6286,7
6287,2
6288,2
6289,4
6290,4
6291,3
6292,1
6293,1
6294,3
6295,3
6296,5
6297,6
6298,1
6299,5
6300,5
6301,0
6302,5
6303,1
6304,2
6305,1
6306,3
6307,0
6308,3
6309,2
6310,4
6311,1
6312,3
6313,5
6314,5
6315,3
6316,6
6317,2
6318,0
6319,4
6320,2
6321,3
6322,0
6323,2
6324,3
6325,2
6326,2
6327,2
6328,3
6329,1
6330,2
6331,2
6332,1
6333,0
6334,1
6335,1
6336,1
6337,1
6338,1
6339,2
6340,2
6341,5
6342,3
6343,7
6344,1
6345,1
6346,2
6347,1
6348,2
6349,0
6350,2
6351,2
6352,2
6353,3
6354,2
6355,4
6356,2
6357,2
6358,0
6359,3
6360,9
6361,0
6362,4
6363,3
6364,4
6365,3
6366,6
6367,3
6368,1
6369,1
6370,3
6371,1
6372,3
6373,1
6374,0
6375,2
6376,1
6377,3
6378,2
6379,3
6380,4
6381,5
6382,0
6383,3
6384,2
6385,0
6386,1
6387,2
6388,1
6389,3
6390,2
6391,4
6392,1
6393,1
6394,0
6395,1
6396,3
6397,1
6398,1
6399,5
6400,3
6401,5
6402,0
6403,1
6404,4
6405,1
6406,1
6407,5
6408,3
6409,3
6410,6
6411,4
6412,4
6413,2
6414,4
6415,2
6416,4
6417,1
6418,2
6419,2
6420,3
6421,4
6422,4
6423,2
6424,4
6425,3
6426,3
6427,4
6428,3
6429,2
6430,0
6431,1
6432,3
6433,2
6434,4
6435,3
6436,2
6437,2
6438,1
6439,6
6440,3
6441,2
6442,3
6443,3
6444,0
6445,2
6446,5
6447,5
6448,4
6449,1
6450,3
6451,5
6452,2
6453,5
6454,3
6455,3
6456,1
6457,6
6458,2
6459,6
6460,0
6461,2
6462,3
6463,2
6464,2
6465,4
6466,3
6467,2
6468,2
6469,2
6470,3
6471,3
6472,5
6473,2
6474,0
6475,1
6476,1
6477,4
6478,0
6479,0
6480,1
6481,2
6482,2
6483,1
6484,3
6485,4
6486,3
6487,2
6488,3
6489,3
6490,3
6491,5
6492,4
6493,4
6494,4
6495,2
6496,2
6497,1
6498,3
6499,1
6500,5
6501,3
6502,1
6503,3
6504,2
6505,6
6506,4
6507,4
6508,1
6509,2
6510,4
6511,4
6512,3
6513,2
6514,2
6515,2
6516,4
6517,4
6518,3
6519,1
6520,1
6521,2
6522,0
6523,4
6524,4
6525,3
6526,6
6527,2
6528,2
6529,4
6530,2
6531,2
6532,2
6533,2
6534,2
6535,4
6536,5
6537,3
6538,7
6539,1
6540,1
6541,4
6542,3
6543,7
6544,2
6545,4
6546,2
6547,4
6548,3
6549,3
6550,3
6551,6
6552,7
6553,4
6554,4
6555,3
6556,1
6557,2
6558,4
6559,3
6560,5
6561,2
6562,0
6563,0
6564,4
6565,3
6566,1
6567,4
6568,3
6569,2
6570,4
6571,6
6572,2
6573,2
6574,2
6575,0
6576,2
6577,2
6578,3
6579,1
6580,2
6581,0
6582,3
6583,1
6584,3
6585,2
6586,1
6587,2
6588,2
6589,4
6590,0
6591,4
6592,2
6593,3
6594,1
6595,2
6596,2
6597,2
6598,3
6599,4
6600,1
6601,4
6602,3
6603,5
6604,2
6605,5
6606,0
6607,4
6608,3
6609,2
6610,3
6611,0
6612,1
6613,1
6614,1
6615,2
6616,1
6617,4
6618,4
6619,5
6620,3
6621,2
6622,3
6623,3
6624,4
6625,2
6626,3
6627,4
6628,2
6629,5
6630,1
6631,2
6632,5
6633,0
6634,3
6635,2
6636,4
6637,2
6638,1
6639,4
6640,0
6641,4
6642,6
6643,2
6644,2
6645,1
6646,4
6647,0
6648,1
6649,0
6650,3
6651,4
6652,6
6653,1
6654,3
6655,0
6656,2
6657,2
6658,2
6659,2
6660,2
6661,6
6662,3
6663,1
6664,0
6665,3
6666,4
6667,1
6668,3
6669,2
6670,5
6671,2
6672,1
6673,4
6674,1
6675,3
6676,3
6677,1
6678,2
6679,5
6680,2
6681,2
6682,2
6683,0
6684,0
6685,4
6686,4
6687,2
6688,2
6689,1
6690,2
6691,3
6692,1
6693,1
6694,2
6695,2
6696,2
6697,4
6698,5
6699,1
6700,2
6701,3
6702,5
6703,2
6704,5
6705,2
6706,2
6707,3
6708,0
6709,3
6710,2
6711,1
6712,1
6713,1
6714,1
6715,1
6716,2
6717,3
6718,7
6719,6
6720,2
6721,0
6722,4
6723,1
6724,1
6725,4
6726,5
6727,6
6728,1
6729,0
6730,4
6731,6
6732,3
6733,2
6734,5
6735,2
6736,4
6737,2
6738,2
6739,2
6740,3
6741,1
6742,3
6743,4
6744,1
6745,1
6746,0
6747,0
6748,2
6749,3
6750,3
6751,4
6752,2
6753,3
6754,1
6755,5
6756,2
6757,2
6758,3
6759,1
6760,3
6761,2
6762,4
6763,3
6764,4
6765,4
6766,2
6767,1
6768,4
6769,1
6770,1
6771,7
6772,0
6773,2
6774,2
6775,0
6776,4
6777,5
6778,3
6779,1
6780,2
6781,1
6782,1
6783,8
6784,2
6785,5
6786,4
6787,5
6788,3
6789,2
6790,5
6791,7
6792,1
6793,4
6794,2
6795,3
6796,2
6797,3
6798,2
6799,3
6800,4
6801,3
6802,1
6803,3
6804,0
6805,2
6806,6
6807,1
6808,3
6809,3
6810,2
6811,3
6812,5
6813,6
6814,3
6815,2
6816,1
6817,2
6818,2
6819,3
6820,2
6821,3
6822,2
6823,3
6824,2
6825,5
6826,0
6827,4
6828,4
6829,1
6830,3
6831,1
6832,1
6833,4
6834,5
6835,3
6836,3
6837,3
6838,1
6839,3
6840,2
6841,8
6842,8
6843,3
6844,4
6845,9
6846,0
6847,4
6848,3
6849,1
6850,3
6851,3
6852,1
6853,0
6854,1
6855,3
6856,1
6857,1
6858,2
6859,4
6860,5
6861,3
6862,2
6863,1
6864,1
6865,2
6866,0
6867,3
6868,2
6869,1
6870,3
6871,2
6872,2
6873,6
6874,3
6875,5
6876,5
6877,1
6878,1
6879,4
6880,3
6881,2
6882,4
6883,0
6884,2
6885,6
6886,1
6887,4
6888,3
6889,4
6890,3
6891,1
6892,3
6893,3
6894,3
6895,2
6896,2
6897,4
6898,3
6899,4
6900,2
6901,2
6902,2
6903,2
6904,2
6905,3
6906,8
6907,6
6908,1
6909,0
6910,2
6911,3
6912,4
6913,3
6914,2
6915,0
6916,3
6917,2
6918,2
6919,4
6920,3
6921,2
6922,3
6923,4
6924,0
6925,5
6926,3
6927,3
6928,3
6929,3
6930,3
6931,5
6932,2
6933,3
6934,0
6935,5
6936,3
6937,1
6938,3
6939,2
6940,1
6941,3
6942,2
6943,1
6944,3
6945,1
6946,6
6947,0
6948,1
6949,0
6950,3
6951,4
6952,5
6953,4
6954,5
6955,3
6956,4
6957,0
6958,0
6959,3
6960,3
6961,2
6962,2
6963,1
6964,8
6965,2
6966,1
6967,4
6968,3
6969,2
6970,2
6971,1
6972,6
6973,1
6974,3
6975,4
6976,3
6977,4
6978,1
6979,3
6980,3
6981,1
6982,1
6983,3
6984,5
6985,3
6986,3
6987,2
6988,2
6989,5
6990,1
6991,0
6992,3
6993,1
6994,3
6995,2
6996,2
6997,1
6998,4
6999,2
7000,2
7001,5
7002,2
7003,3
7004,2
7005,0
7006,5
7007,5
7008,3
7009,4
7010,6
7011,2
7012,4
7013,3
7014,1
7015,0
7016,2
7017,2
7018,4
7019,1
7020,4
7021,1
7022,0
7023,4
7024,4
7025,2
7026,5
7027,3
7028,4
7029,1
7030,2
7031,2
7032,4
7033,1
7034,2
7035,1
7036,4
7037,4
7038,2
7039,1
7040,1
7041,1
7042,4
7043,3
7044,1
7045,0
7046,5
7047,3
7048,5
7049,0
7050,3
7051,3
7052,3
7053,3
7054,1
7055,1
7056,1
7057,2
7058,3
7059,2
7060,1
7061,3
7062,4
7063,0
7064,5
7065,3
7066,4
7067,5
7068,3
7069,5
7070,1
7071,2
7072,1
7073,2
7074,1
7075,2
7076,3
7077,3
7078,1
7079,4
7080,1
7081,1
7082,2
7083,3
7084,4
7085,0
7086,3
7087,0
7088,2
7089,2
7090,4
7091,2
7092,3
7093,4
7094,4
7095,5
7096,1
7097,2
7098,3
7099,1
7100,2
7101,3
7102,1
7103,4
7104,3
7105,4
7106,0
7107,4
7108,1
7109,3
7110,3
7111,5
7112,3
7113,3
7114,6
7115,2
7116,7
7117,1
7118,2
7119,3
7120,3
7121,2
7122,1
7123,4
7124,2
7125,0
7126,2
7127,1
7128,2
7129,3
7130,0
7131,1
7132,2
7133,2
7134,0
7135,2
7136,4
7137,5
7138,7
7139,2
7140,2
7141,2
7142,3
7143,3
7144,2
7145,1
7146,4
7147,1
7148,1
7149,0
7150,3
7151,1
7152,3
7153,2
7154,6
7155,1
7156,4
7157,1
7158,3
7159,3
7160,3
7161,1
7162,4
7163,1
7164,5
7165,5
7166,2
7167,7
7168,2
7169,3
7170,4
7171,2
7172,4
7173,0
7174,1
7175,1
7176,1
7177,3
7178,3
7179,6
7180,6
7181,2
7182,2
7183,3
7184,1
7185,3
7186,0
7187,3
7188,1
7189,2
7190,2
7191,4
7192,2
7193,1
7194,2
7195,3
7196,1
7197,2
7198,3
7199,1
7200,3
7201,3
7202,2
7203,0
7204,2
7205,3
7206,0
7207,1
7208,1
7209,2
7210,4
7211,3
7212,2
7213,5
7214,1
7215,2
7216,2
7217,3
7218,4
7219,2
7220,2
7221,3
7222,3
7223,4
7224,3
7225,1
7226,4
7227,3
7228,1
7229,4
7230,3
7231,3
7232,1
7233,0
7234,4
7235,2
7236,4
7237,2
7238,4
7239,1
7240,4
7241,4
7242,2
7243,2
7244,4
7245,2
7246,3
7247,2
7248,1
7249,7
7250,4
7251,3
7252,3
7253,6
7254,4
7255,3
7256,3
7257,1
7258,4
7259,1
7260,3
7261,1
7262,2
7263,2
7264,3
7265,1
7266,1
7267,2
7268,3
7269,1
7270,3
7271,2
7272,1
7273,4
7274,2
7275,1
7276,5
7277,1
7278,0
7279,0
7280,0
7281,1
7282,0
7283,3
7284,4
7285,2
7286,2
7287,5
7288,4
7289,3
7290,2
7291,2
7292,3
7293,2
7294,2
7295,1
7296,4
7297,1
7298,3
7299,2
7300,5
7301,2
7302,4
7303,6
7304,2
7305,0
7306,2
7307,4
7308,1
7309,1
7310,3
7311,0
7312,1
7313,1
7314,2
7315,1
7316,1
7317,0
7318,1
7319,5
7320,1
7321,4
7322,3
7323,3
7324,3
7325,6
7326,0
7327,2
7328,4
7329,0
7330,3
7331,2
7332,1
7333,3
7334,5
7335,2
7336,2
7337,2
7338,0
7339,3
7340,2
7341,2
7342,2
7343,3
7344,3
7345,4
7346,2
7347,0
7348,3
7349,3
7350,1
7351,2
7352,5
7353,0
7354,1
7355,2
7356,3
7357,4
7358,6
7359,0
7360,0
7361,3
7362,2
7363,2
7364,3
7365,4
7366,3
7367,2
7368,1
7369,0
7370,1
7371,2
7372,4
7373,3
7374,6
7375,3
7376,3
7377,2
7378,2
7379,2
7380,2
7381,0
7382,0
7383,2
7384,1
7385,0
7386,1
7387,1
7388,4
7389,3
7390,1
7391,1
7392,1
7393,4
7394,3
7395,1
7396,1
7397,5
7398,4
7399,2
7400,1
7401,4
7402,0
7403,2
7404,4
7405,2
7406,1
7407,0
7408,2
7409,2
7410,0
7411,0
7412,0
7413,4
7414,1
7415,2
7416,1
7417,5
7418,1
7419,4
7420,1
7421,1
7422,1
7423,4
7424,1
7425,1
7426,1
7427,1
7428,0
7429,1
7430,2
7431,7
7432,1
7433,4
7434,4
7435,1
7436,4
7437,2
7438,3
7439,7
7440,4
7441,1
7442,3
7443,2
7444,0
7445,1
7446,3
7447,2
7448,2
7449,3
7450,1
7451,0
7452,2
7453,2
7454,2
7455,3
7456,2
7457,3
7458,2
7459,3
7460,3
7461,2
7462,3
7463,2
7464,3
7465,3
7466,0
7467,1
7468,2
7469,2
7470,4
7471,1
7472,1
7473,2
7474,1
7475,4
7476,0
7477,2
7478,2
7479,5
7480,2
7481,2
7482,1
7483,1
7484,3
7485,5
7486,3
7487,2
7488,2
7489,0
7490,1
7491,2
7492,4
7493,3
7494,3
7495,1
7496,4
7497,1
7498,3
7499,3
7500,1
7501,4
7502,5
7503,1
7504,3
7505,3
7506,3
7507,4
7508,2
7509,0
7510,4
7511,5
7512,4
7513,4
7514,5
7515,6
7516,2
7517,4
7518,4
7519,1
7520,3
7521,1
7522,0
7523,1
7524,3
7525,2
7526,6
7527,3
7528,1
7529,2
7530,1
7531,2
7532,1
7533,5
7534,6
7535,3
7536,4
7537,2
7538,2
7539,5
7540,2
7541,5
7542,2
7543,2
7544,4
7545,0
7546,3
7547,2
7548,0
7549,2
7550,4
7551,2
7552,5
7553,2
7554,3
7555,3
7556,1
7557,1
7558,2
7559,3
7560,3
7561,5
7562,2
7563,1
7564,0
7565,3
7566,6
7567,2
7568,3
7569,4
7570,2
7571,6
7572,4
7573,4
7574,0
7575,1
7576,1
7577,4
7578,6
7579,1
7580,2
7581,2
7582,5
7583,1
7584,2
7585,1
7586,4
7587,2
7588,8
7589,1
7590,2
7591,1
7592,4
7593,3
7594,4
7595,1
7596,5
7597,1
7598,4
7599,2
7600,2
7601,4
7602,1
7603,2
7604,4
7605,2
7606,3
7607,1
7608,3
7609,2
7610,5
7611,2
7612,0
7613,3
7614,2
7615,1
7616,2
7617,1
7618,2
7619,1
7620,0
7621,3
7622,1
7623,4
7624,3
7625,3
7626,2
7627,3
7628,2
7629,1
7630,0
7631,5
7632,3
7633,4
7634,4
7635,5
7636,0
7637,3
7638,3
7639,2
7640,2
7641,3
7642,2
7643,3
7644,4
7645,2
7646,3
7647,4
7648,2
7649,1
7650,3
7651,1
7652,3
7653,1
7654,1
7655,3
7656,1
7657,1
7658,4
7659,2
7660,7
7661,3
7662,0
7663,4
7664,3
7665,1
7666,2
7667,2
7668,6
7669,1
7670,1
7671,0
7672,3
7673,1
7674,4
7675,3
7676,5
7677,1
7678,1
7679,3
7680,2
7681,4
7682,2
7683,3
7684,2
7685,0
7686,3
7687,0
7688,2
7689,2
7690,1
7691,3
7692,2
7693,7
7694,3
7695,0
7696,1
7697,1
7698,1
7699,2
7700,2
7701,3
7702,7
7703,0
7704,1
7705,2
7706,1
7707,0
7708,0
7709,4
7710,1
7711,0
7712,1
7713,3
7714,1
7715,2
7716,3
7717,2
7718,2
7719,2
7720,2
7721,1
7722,1
7723,2
7724,1
7725,4
7726,1
7727,5
7728,3
7729,3
7730,0
7731,2
7732,4
7733,1
7734,2
7735,3
7736,3
7737,4
7738,1
7739,4
7740,2
7741,4
7742,2
7743,0
7744,1
7745,2
7746,1
7747,3
7748,3
7749,3
7750,2
7751,2
7752,2
7753,5
7754,4
7755,4
7756,2
7757,2
7758,1
7759,8
7760,1
7761,3
7762,2
7763,3
7764,2
7765,2
7766,3
7767,2
7768,3
7769,2
7770,4
7771,2
7772,1
7773,4
7774,0
7775,4
7776,2
7777,4
7778,4
7779,0
7780,2
7781,4
7782,1
7783,8
7784,7
7785,3
7786,3
7787,1
7788,4
7789,2
7790,1
7791,0
7792,3
7793,3
7794,3
7795,1
7796,4
7797,1
7798,1
7799,3
7800,1
7801,2
7802,5
7803,7
7804,0
7805,1
7806,0
7807,2
7808,5
7809,3
7810,2
7811,1
7812,1
7813,2
7814,2
7815,3
7816,4
7817,1
7818,0
7819,2
7820,1
7821,2
7822,0
7823,1
7824,1
7825,3
7826,2
7827,3
7828,5
7829,5
7830,4
7831,4
7832,2
7833,3
7834,2
7835,4
7836,2
7837,3
7838,1
7839,0
7840,2
7841,5
7842,1
7843,3
7844,0
7845,7
7846,4
7847,0
7848,1
7849,2
7850,1
7851,1
7852,3
7853,2
7854,3
7855,1
7856,3
7857,4
7858,2
7859,4
7860,1
7861,2
7862,2
7863,4
7864,3
7865,0
7866,1
7867,1
7868,2
7869,1
7870,3
7871,3
7872,2
7873,3
7874,2
7875,2
7876,2
7877,5
7878,2
7879,4
7880,4
7881,1
7882,3
7883,3
7884,2
7885,2
7886,3
7887,3
7888,0
7889,2
7890,4
7891,3
7892,0
7893,2
7894,1
7895,1
7896,3
7897,4
7898,3
7899,5
7900,3
7901,2
7902,2
7903,0
7904,3
7905,1
7906,2
7907,4
7908,5
7909,4
7910,3
7911,1
7912,1
7913,0
7914,1
7915,2
7916,3
7917,1
7918,1
7919,3
7920,1
7921,4
7922,0
7923,4
7924,2
7925,4
7926,3
7927,0
7928,2
7929,2
7930,1
7931,6
7932,2
7933,1
7934,3
7935,2
7936,4
7937,2
7938,4
7939,2
7940,1
7941,2
7942,0
7943,3
7944,3
7945,3
7946,1
7947,3
7948,8
7949,3
7950,1
7951,3
7952,2
7953,1
7954,1
7955,7
7956,3
7957,1
7958,1
7959,4
7960,2
7961,4
7962,2
7963,2
7964,4
7965,2
7966,3
7967,3
7968,2
7969,2
7970,2
7971,5
7972,4
7973,4
7974,1
7975,4
7976,1
7977,4
7978,3
7979,4
7980,4
7981,2
7982,2
7983,0
7984,5
7985,2
7986,0
7987,2
7988,0
7989,1
7990,1
7991,1
7992,1
7993,2
7994,3
7995,4
7996,2
7997,3
7998,5
7999,1
8000,3
8001,3
8002,5
8003,0
8004,1
8005,1
8006,2
8007,2
8008,4
8009,4
8010,3
8011,2
8012,0
8013,1
8014,4
8015,0
8016,2
8017,3
8018,0
8019,3
8020,0
8021,3
8022,3
8023,5
8024,2
8025,2
8026,2
8027,5
8028,7
8029,3
8030,4
8031,4
8032,2
8033,2
8034,4
8035,4
8036,6
8037,5
8038,1
8039,3
8040,4
8041,4
8042,3
8043,3
8044,1
8045,1
8046,2
8047,2
8048,2
8049,3
8050,2
8051,0
8052,0
8053,2
8054,4
8055,3
8056,2
8057,0
8058,2
8059,4
8060,3
8061,2
8062,0
8063,1
8064,0
8065,3
8066,3
8067,3
8068,3
8069,1
8070,1
8071,3
8072,1
8073,1
8074,0
8075,3
8076,2
8077,2
8078,3
8079,3
8080,1
8081,4
8082,3
8083,3
8084,3
8085,3
8086,2
8087,4
8088,0
8089,1
8090,1
8091,0
8092,3
8093,5
8094,3
8095,1
8096,2
8097,4
8098,4
8099,2
8100,1
8101,1
8102,4
8103,0
8104,2
8105,2
8106,1
8107,4
8108,3
8109,3
8110,3
8111,4
8112,1
8113,2
8114,1
8115,0
8116,1
8117,1
8118,2
8119,4
8120,2
8121,3
8122,6
8123,1
8124,1
8125,4
8126,2
8127,2
8128,2
8129,3
8130,2
8131,5
8132,4
8133,3
8134,2
8135,1
8136,3
8137,0
8138,2
8139,3
8140,0
8141,1
8142,2
8143,3
8144,3
8145,2
8146,4
8147,3
8148,5
8149,1
8150,3
8151,2
8152,4
8153,2
8154,1
8155,4
8156,1
8157,3
8158,3
8159,2
8160,0
8161,1
8162,3
8163,2
8164,3
8165,3
8166,2
8167,1
8168,0
8169,2
8170,2
8171,4
8172,5
8173,6
8174,3
8175,2
8176,4
8177,3
8178,4
8179,3
8180,4
8181,3
8182,4
8183,1
8184,1
8185,1
8186,2
8187,2
8188,4
8189,3
8190,4
8191,3
8192,3
8193,3
8194,2
8195,2
8196,3
8197,3
8198,4
8199,3
8200,4
8201,1
8202,4
8203,4
8204,3
8205,5
8206,3
8207,4
8208,0
8209,3
8210,2
8211,1
8212,2
8213,3
8214,5
8215,2
8216,1
8217,4
8218,3
8219,2
8220,2
8221,4
8222,6
8223,4
8224,2
8225,2
8226,5
8227,2
8228,2
8229,1
8230,0
8231,0
8232,4
8233,2
8234,2
8235,3
8236,2
8237,3
8238,2
8239,0
8240,2
8241,0
8242,3
8243,3
8244,2
8245,2
8246,2
8247,2
8248,2
8249,1
8250,2
8251,2
8252,1
8253,2
8254,4
8255,3
8256,3
8257,6
8258,0
8259,3
8260,2
8261,2
8262,1
8263,2
8264,1
8265,3
8266,4
8267,3
8268,2
8269,5
8270,4
8271,5
8272,2
8273,1
8274,4
8275,2
8276,5
8277,2
8278,3
8279,2
8280,0
8281,7
8282,3
8283,3
8284,3
8285,2
8286,2
8287,0
8288,0
8289,1
8290,0
8291,2
8292,3
8293,0
8294,3
8295,2
8296,5
8297,4
8298,3
8299,5
8300,1
8301,3
8302,4
8303,2
8304,4
8305,3
8306,2
8307,4
8308,2
8309,3
8310,3
8311,3
8312,3
8313,3
8314,2
8315,2
8316,5
8317,2
8318,4
8319,4
8320,2
8321,7
8322,3
8323,2
8324,3
8325,3
8326,0
8327,6
8328,1
8329,3
8330,0
8331,2
8332,4
8333,2
8334,0
8335,1
8336,2
8337,1
8338,1
8339,3
8340,3
8341,6
8342,2
8343,6
8344,0
8345,2
8346,3
8347,1
8348,1
8349,1
8350,3
8351,2
8352,0
8353,2
8354,2
8355,4
8356,4
8357,1
8358,3
8359,2
8360,4
8361,1
8362,3
8363,5
8364,3
8365,2
8366,2
8367,4
8368,2
8369,4
8370,1
8371,2
8372,3
8373,5
8374,2
8375,3
8376,2
8377,1
8378,0
8379,1
8380,2
8381,4
8382,2
8383,3
8384,1
8385,1
8386,0
8387,3
8388,4
8389,4
8390,3
8391,0
8392,2
8393,0
8394,3
8395,3
8396,2
8397,4
8398,3
8399,0
8400,2
8401,1
8402,0
8403,4
8404,2
8405,4
8406,2
8407,2
8408,2
8409,2
8410,1
8411,1
8412,4
8413,1
8414,1
8415,6
8416,1
8417,3
8418,0
8419,4
8420,3
8421,8
8422,5
8423,2
8424,3
8425,1
8426,2
8427,0
8428,1
8429,4
8430,3
8431,2
8432,1
8433,1
8434,3
8435,4
8436,5
8437,3
8438,5
8439,2
8440,1
8441,1
8442,3
8443,4
8444,1
8445,5
8446,2
8447,5
8448,1
8449,3
8450,2
8451,3
8452,2
8453,6
8454,4
8455,2
8456,2
8457,2
8458,1
8459,1
8460,3
8461,1
8462,3
8463,1
8464,2
8465,0
8466,2
8467,2
8468,3
8469,2
8470,1
8471,6
8472,2
8473,0
8474,2
8475,2
8476,5
8477,2
8478,0
8479,1
8480,6
8481,4
8482,3
8483,1
8484,3
8485,2
8486,1
8487,2
8488,0
8489,0
8490,2
8491,0
8492,4
8493,2
8494,3
8495,5
8496,2
8497,1
8498,2
8499,3
8500,1
8501,5
8502,3
8503,3
8504,4
8505,0
8506,4
8507,1
8508,3
8509,3
8510,2
8511,1
8512,1
8513,5
8514,1
8515,1
8516,5
8517,0
8518,4
8519,2
8520,2
8521,1
8522,3
8523,5
8524,3
8525,3
8526,2
8527,2
8528,4
8529,3
8530,6
8531,2
8532,4
8533,0
8534,4
8535,3
8536,3
8537,2
8538,0
8539,3
8540,0
8541,3
8542,3
8543,5
8544,1
8545,5
8546,0
8547,1
8548,2
8549,3
8550,4
8551,5
8552,3
8553,4
8554,3
8555,4
8556,3
8557,4
8558,3
8559,1
8560,3
8561,3
8562,2
8563,3
8564,2
8565,0
8566,5
8567,1
8568,3
8569,1
8570,6
8571,2
8572,1
8573,3
8574,2
8575,3
8576,3
8577,1
8578,2
8579,0
8580,2
8581,3
8582,2
8583,3
8584,1
8585,2
8586,5
8587,1
8588,1
8589,3
8590,5
8591,2
8592,4
8593,2
8594,9
8595,5
8596,3
8597,0
8598,1
8599,2
8600,4
8601,4
8602,0
8603,2
8604,5
8605,3
8606,0
8607,3
8608,2
8609,1
8610,3
8611,1
8612,5
8613,2
8614,2
8615,5
8616,5
8617,4
8618,2
8619,3
8620,3
8621,1
8622,2
8623,2
8624,4
8625,2
8626,3
8627,3
8628,1
8629,0
8630,0
8631,4
8632,3
8633,2
8634,5
8635,2
8636,5
8637,3
8638,4
8639,2
8640,4
8641,5
8642,4
8643,2
8644,3
8645,3
8646,1
8647,1
8648,2
8649,4
8650,3
8651,0
8652,1
8653,0
8654,6
8655,4
8656,2
8657,2
8658,3
8659,3
8660,0
8661,5
8662,1
8663,4
8664,2
8665,3
8666,2
8667,2
8668,2
8669,0
8670,2
8671,4
8672,1
8673,0
8674,1
8675,3
8676,0
8677,0
8678,3
8679,2
8680,6
8681,2
8682,2
8683,3
8684,5
8685,1
8686,3
8687,6
8688,0
8689,1
8690,1
8691,2
8692,3
8693,1
8694,6
8695,4
8696,2
8697,3
8698,1
8699,2
8700,0
8701,3
8702,2
8703,5
8704,3
8705,1
8706,2
8707,2
8708,3
8709,3
8710,4
8711,1
8712,1
8713,2
8714,1
8715,3
8716,1
8717,3
8718,1
8719,0
8720,1
8721,4
8722,3
8723,3
8724,3
8725,2
8726,4
8727,1
8728,4
8729,1
8730,4
8731,3
8732,2
8733,2
8734,3
8735,3
8736,5
8737,2
8738,5
8739,1
8740,1
8741,5
8742,3
8743,2
8744,3
8745,0
8746,1
8747,0
8748,1
8749,2
8750,1
8751,1
8752,2
8753,2
8754,3
8755,4
8756,3
8757,1
8758,2
8759,3
8760,3
8761,1
8762,2
8763,3
8764,5
8765,3
8766,2
8767,1
8768,1
8769,1
8770,1
8771,1
8772,1
8773,4
8774,3
8775,4
8776,4
8777,1
8778,2
8779,3
8780,3
8781,4
8782,2
8783,4
8784,5
8785,3
8786,2
8787,3
8788,6
8789,1
8790,6
8791,3
8792,3
8793,5
8794,3
8795,3
8796,3
8797,2
8798,3
8799,2
8800,3
8801,6
8802,7
8803,4
8804,2
8805,5
8806,2
8807,2
8808,4
8809,4
8810,1
8811,3
8812,2
8813,3
8814,4
8815,2
8816,5
8817,2
8818,0
8819,0
8820,5
8821,6
8822,2
8823,5
8824,1
8825,1
8826,3
8827,2
8828,1
8829,3
8830,6
8831,3
8832,2
8833,3
8834,4
8835,1
8836,1
8837,0
8838,1
8839,3
8840,3
8841,2
8842,2
8843,1
8844,2
8845,2
8846,2
8847,2
8848,3
8849,1
8850,4
8851,3
8852,1
8853,3
8854,5
8855,3
8856,1
8857,2
8858,5
8859,1
8860,3
8861,0
8862,3
8863,3
8864,8
8865,4
8866,3
8867,2
8868,3
8869,2
8870,1
8871,1
8872,3
8873,0
8874,2
8875,2
8876,0
8877,2
8878,2
8879,3
8880,4
8881,3
8882,2
8883,2
8884,2
8885,6
8886,4
8887,2
8888,4
8889,0
8890,2
8891,1
8892,2
8893,5
8894,1
8895,4
8896,6
8897,4
8898,0
8899,3
8900,2
8901,0
8902,0
8903,7
8904,2
8905,5
8906,3
8907,5
8908,5
8909,2
8910,4
8911,3
8912,2
8913,2
8914,1
8915,2
8916,0
8917,2
8918,3
8919,3
8920,0
8921,2
8922,2
8923,0
8924,2
8925,1
8926,2
8927,2
8928,2
8929,3
8930,3
8931,4
8932,6
8933,3
8934,1
8935,1
8936,0
8937,2
8938,0
8939,3
8940,2
8941,3
8942,3
8943,3
8944,5
8945,2
8946,4
8947,2
8948,4
8949,2
8950,3
8951,4
8952,7
8953,2
8954,4
8955,3
8956,2
8957,6
8958,4
8959,1
8960,1
8961,1
8962,1
8963,1
8964,7
8965,2
8966,3
8967,1
8968,3
8969,3
8970,3
8971,1
8972,2
8973,3
8974,1
8975,2
8976,1
8977,2
8978,6
8979,2
8980,4
8981,1
8982,1
8983,2
8984,1
8985,4
8986,0
8987,2
8988,2
8989,4
8990,0
8991,0
8992,0
8993,2
8994,0
8995,4
8996,3
8997,5
8998,1
8999,0
9000,4
9001,4
9002,0
9003,3
9004,3
9005,0
9006,5
9007,2
9008,2
9009,1
9010,3
9011,2
9012,3
9013,5
9014,1
9015,2
9016,7
9017,4
9018,1
9019,0
9020,4
9021,5
9022,5
9023,5
9024,1
9025,1
9026,5
9027,2
9028,1
9029,4
9030,3
9031,0
9032,2
9033,8
9034,2
9035,2
9036,4
9037,3
9038,1
9039,2
9040,1
9041,1
9042,3
9043,2
9044,6
9045,2
9046,0
9047,0
9048,1
9049,2
9050,1
9051,0
9052,3
9053,2
9054,4
9055,0
9056,2
9057,1
9058,2
9059,2
9060,2
9061,5
9062,1
9063,2
9064,2
9065,3
9066,3
9067,0
9068,3
9069,4
9070,5
9071,2
9072,3
9073,4
9074,1
9075,1
9076,1
9077,2
9078,6
9079,1
9080,2
9081,1
9082,1
9083,3
9084,3
9085,5
9086,2
9087,4
9088,0
9089,2
9090,1
9091,3
9092,2
9093,6
9094,2
9095,2
9096,2
9097,2
9098,5
9099,3
9100,4
9101,2
9102,3
9103,1
9104,0
9105,4
9106,4
9107,4
9108,4
9109,0
9110,2
9111,6
9112,3
9113,1
9114,2
9115,4
9116,4
9117,2
9118,6
9119,2
9120,1
9121,2
9122,1
9123,1
9124,1
9125,2
9126,3
9127,0
9128,4
9129,4
9130,0
9131,0
9132,1
9133,2
9134,4
9135,3
9136,2
9137,5
9138,1
9139,4
9140,2
9141,3
9142,1
9143,4
9144,4
9145,3
9146,4
9147,1
9148,2
9149,2
9150,2
9151,4
9152,1
9153,0
9154,3
9155,3
9156,2
9157,2
9158,3
9159,2
9160,3
9161,0
9162,2
9163,4
9164,3
9165,1
9166,4
9167,4
9168,1
9169,1
9170,2
9171,1
9172,3
9173,4
9174,2
9175,1
9176,1
9177,0
9178,3
9179,3
9180,3
9181,3
9182,5
9183,1
9184,1
9185,2
9186,5
9187,2
9188,0
9189,2
9190,2
9191,2
9192,6
9193,2
9194,1
9195,5
9196,7
9197,5
9198,3
9199,2
9200,1
9201,2
9202,2
9203,3
9204,2
9205,2
9206,1
9207,3
9208,0
9209,2
9210,5
9211,5
9212,3
9213,2
9214,1
9215,1
9216,4
9217,2
9218,2
9219,1
9220,3
9221,1
9222,2
9223,2
9224,0
9225,1
9226,6
9227,2
9228,3
9229,1
9230,5
9231,0
9232,2
9233,1
9234,3
9235,4
9236,6
9237,2
9238,1
9239,4
9240,2
9241,1
9242,1
9243,3
9244,2
9245,0
9246,0
9247,3
9248,2
9249,5
9250,1
9251,0
9252,1
9253,4
9254,2
9255,5
9256,3
9257,1
9258,2
9259,2
9260,5
9261,3
9262,3
9263,6
9264,3
9265,3
9266,1
9267,2
9268,2
9269,2
9270,2
9271,0
9272,3
9273,1
9274,0
9275,2
9276,6
9277,2
9278,4
9279,5
9280,3
9281,2
9282,1
9283,1
9284,2
9285,1
9286,2
9287,4
9288,2
9289,1
9290,2
9291,2
9292,1
9293,2
9294,1
9295,4
9296,3
9297,7
9298,2
9299,1
9300,1
9301,1
9302,2
9303,3
9304,6
9305,3
9306,5
9307,1
9308,5
9309,1
9310,1
9311,1
9312,1
9313,7
9314,2
9315,4
9316,5
9317,3
9318,0
9319,3
9320,2
9321,3
9322,1
9323,1
9324,2
9325,1
9326,2
9327,1
9328,1
9329,1
9330,2
9331,4
9332,2
9333,2
9334,3
9335,2
9336,4
9337,2
9338,3
9339,3
9340,1
9341,0
9342,5
9343,0
9344,1
9345,0
9346,2
9347,2
9348,1
9349,5
9350,3
9351,1
9352,2
9353,3
9354,2
9355,0
9356,4
9357,0
9358,3
9359,3
9360,0
9361,2
9362,0
9363,1
9364,0
9365,2
9366,4
9367,2
9368,2
9369,4
9370,0
9371,3
9372,5
9373,1
9374,1
9375,2
9376,2
9377,1
9378,6
9379,4
9380,0
9381,3
9382,3
9383,2
9384,1
9385,1
9386,2
9387,4
9388,3
9389,3
9390,1
9391,4
9392,6
9393,4
9394,2
9395,3
9396,4
9397,3
9398,0
9399,2
9400,2
9401,0
9402,2
9403,0
9404,1
9405,1
9406,3
9407,0
9408,3
9409,2
9410,2
9411,1
9412,5
9413,2
9414,3
9415,2
9416,3
9417,5
9418,2
9419,6
9420,3
9421,2
9422,3
9423,1
9424,0
9425,2
9426,2
9427,2
9428,3
9429,3
9430,4
9431,4
9432,3
9433,2
9434,2
9435,1
9436,1
9437,3
9438,1
9439,1
9440,3
9441,5
9442,2
9443,2
9444,4
9445,5
9446,1
9447,0
9448,1
9449,4
9450,4
9451,1
9452,0
9453,2
9454,4
9455,2
9456,1
9457,5
9458,3
9459,2
9460,0
9461,0
9462,1
9463,2
9464,3
9465,4
9466,5
9467,1
9468,3
9469,5
9470,3
9471,3
9472,2
9473,1
9474,3
9475,5
9476,2
9477,2
9478,2
9479,2
9480,1
9481,7
9482,3
9483,5
9484,0
9485,4
9486,3
9487,3
9488,1
9489,3
9490,2
9491,0
9492,2
9493,2
9494,1
9495,2
9496,1
9497,2
9498,2
9499,1
9500,0
9501,0
9502,8
9503,3
9504,4
9505,4
9506,4
9507,1
9508,5
9509,5
9510,2
9511,2
9512,4
9513,2
9514,3
9515,1
9516,3
9517,2
9518,4
9519,1
9520,1
9521,5
9522,3
9523,4
9524,3
9525,10
9526,4
9527,4
9528,1
9529,1
9530,1
9531,2
9532,1
9533,1
9534,6
9535,3
9536,1
9537,1
9538,1
9539,4
9540,4
9541,1
9542,4
9543,3
9544,1
9545,2
9546,2
9547,1
9548,4
9549,2
9550,2
9551,1
9552,3
9553,2
9554,3
9555,1
9556,1
9557,3
9558,3
9559,2
9560,1
9561,2
9562,2
9563,2
9564,2
9565,4
9566,2
9567,4
9568,1
9569,3
9570,2
9571,3
9572,3
9573,4
9574,6
9575,2
9576,5
9577,2
9578,4
9579,1
9580,1
9581,5
9582,2
9583,1
9584,3
9585,1
9586,3
9587,5
9588,1
9589,5
9590,4
9591,2
9592,1
9593,2
9594,1
9595,5
9596,3
9597,2
9598,1
9599,4
9600,1
9601,4
9602,2
9603,2
9604,3
9605,2
9606,2
9607,3
9608,3
9609,3
9610,1
9611,3
9612,6
9613,1
9614,4
9615,1
9616,2
9617,4
9618,4
9619,3
9620,2
9621,3
9622,7
9623,4
9624,2
9625,1
9626,3
9627,4
9628,0
9629,4
9630,0
9631,3
9632,6
9633,1
9634,3
9635,2
9636,2
9637,1
9638,0
9639,1
9640,0
9641,6
9642,5
9643,2
9644,1
9645,2
9646,0
9647,1
9648,0
9649,0
9650,3
9651,5
9652,5
9653,1
9654,7
9655,1
9656,2
9657,3
9658,7
9659,4
9660,4
9661,4
9662,3
9663,5
9664,1
9665,4
9666,1
9667,2
9668,5
9669,1
9670,5
9671,2
9672,0
9673,0
9674,3
9675,2
9676,3
9677,4
9678,1
9679,5
9680,4
9681,3
9682,2
9683,2
9684,1
9685,3
9686,1
9687,4
9688,3
9689,2
9690,3
9691,3
9692,4
9693,0
9694,3
9695,0
9696,1
9697,4
9698,3
9699,4
9700,4
9701,1
9702,3
9703,3
9704,4
9705,3
9706,4
9707,2
9708,3
9709,2
9710,1
9711,4
9712,8
9713,0
9714,2
9715,0
9716,2
9717,3
9718,1
9719,2
9720,1
9721,2
9722,0
9723,2
9724,2
9725,0
9726,1
9727,2
9728,1
9729,2
9730,3
9731,2
9732,1
9733,1
9734,5
9735,0
9736,2
9737,1
9738,3
9739,4
9740,1
9741,1
9742,1
9743,0
9744,5
9745,1
9746,2
9747,5
9748,0
9749,2
9750,4
9751,1
9752,3
9753,2
9754,1
9755,3
9756,1
9757,5
9758,4
9759,3
9760,1
9761,2
9762,3
9763,1
9764,2
9765,3
9766,1
9767,3
9768,2
9769,4
9770,2
9771,2
9772,2
9773,1
9774,3
9775,1
9776,2
9777,1
9778,1
9779,5
9780,3
9781,3
9782,3
9783,2
9784,3
9785,3
9786,2
9787,2
9788,2
9789,3
9790,3
9791,1
9792,1
9793,1
9794,5
9795,5
9796,1
9797,0
9798,1
9799,3
9800,1
9801,3
9802,5
9803,2
9804,2
9805,2
9806,2
9807,2
9808,3
9809,2
9810,5
9811,6
9812,2
9813,4
9814,2
9815,2
9816,3
9817,5
9818,0
9819,2
9820,2
9821,1
9822,2
9823,4
9824,2
9825,1
9826,0
9827,1
9828,4
9829,3
9830,2
9831,2
9832,2
9833,4
9834,1
9835,3
9836,3
9837,3
9838,1
9839,3
9840,3
9841,2
9842,5
9843,3
9844,3
9845,3
9846,2
9847,4
9848,1
9849,1
9850,7
9851,0
9852,3
9853,0
9854,1
9855,2
9856,7
9857,2
9858,4
9859,3
9860,4
9861,2
9862,3
9863,4
9864,5
9865,3
9866,2
9867,3
9868,0
9869,2
9870,1
9871,1
9872,2
9873,2
9874,2
9875,5
9876,2
9877,3
9878,3
9879,2
9880,1
9881,1
9882,2
9883,1
9884,2
9885,5
9886,2
9887,2
9888,1
9889,6
9890,1
9891,1
9892,1
9893,4
9894,5
9895,6
9896,3
9897,2
9898,1
9899,1
9900,3
9901,1
9902,1
9903,3
9904,4
9905,3
9906,1
9907,3
9908,0
9909,2
9910,1
9911,1
9912,3
9913,4
9914,1
9915,4
9916,1
9917,2
9918,1
9919,2
9920,1
9921,0
9922,1
9923,1
9924,3
9925,3
9926,3
9927,2
9928,4
9929,4
9930,2
9931,3
9932,5
9933,2
9934,0
9935,4
9936,6
9937,2
9938,3
9939,3
9940,1
9941,2
9942,1
9943,1
9944,2
9945,2
9946,5
9947,4
9948,5
9949,3
9950,2
9951,2
9952,4
9953,2
9954,2
9955,4
9956,4
9957,3
9958,1
9959,1
9960,2
9961,3
9962,4
9963,1
9964,4
9965,1
9966,1
9967,2
9968,4
9969,4
9970,3
9971,1
9972,1
9973,4
9974,0
9975,3
9976,4
9977,3
9978,6
9979,3
9980,2
9981,4
9982,1
9983,6
9984,2
9985,4
9986,5
9987,1
9988,5
9989,4
9990,1
9991,2
9992,3
9993,4
9994,2
9995,2
9996,5
9997,4
9998,3
9999,4
